time,yaw,pitch,roll,omega_yaw,omega_pitch,omega_roll
0.2416666666666666,-22.189964245429177,10.53598273782073,1.0634382977861474,,,
0.2458333333333333,-20.842155505063165,12.36451992303748,1.629631144132042,323.474097687842,438.8489244520185,135.88628312301432
0.25,-19.55386631422552,14.119363363596188,2.173106709861842,309.1894058010318,421.162425734086,130.43413577515068
0.2541666666666666,-18.37982559951122,15.735004254873026,2.67410227307134,281.76977153143633,387.7538139064477,120.23893517028161
0.2583333333333333,-17.364784964613023,17.15757906268187,3.116178438805479,243.60975237556534,341.41795387411895,106.09827977619233
0.2625,-16.540238227844554,18.34856900820938,3.4873590368077347,197.89121682443044,285.8375869266002,89.08334352054047
0.2666666666666666,-15.922783342402711,19.286627210688906,3.7807996901378815,148.18917250604437,225.13396859508885,70.42575679923664
0.2708333333333333,-15.514148200632183,19.967590442878247,3.9949494130599192,98.07243402492621,163.43117572544128,51.39593350128833
0.275,-15.302669350826754,20.40296273637235,4.133233470738799,50.75492395330251,104.48935043858324,33.18817384293076
0.2791666666666667,-15.26585384734472,20.617272759338373,4.203332975963314,8.835720835688111,51.43440551184615,16.823881253883773
0.2833333333333333,-15.373581917193436,20.644729287594878,4.21616594958595,-25.85473676369171,6.589566781560189,3.079913669432497
0.2875,-15.591515373384423,20.52556737856772,4.184688588449808,-52.30402948583763,-28.598858166516653,-7.5545666726739125
0.2916666666666667,-15.884342669433282,20.30242522047185,4.122637950346241,-70.27855105172509,-53.55411794300868,-14.89215314485605
0.2958333333333333,-16.218589576346194,20.01703210062082,4.043331906814723,-80.21925765910005,-68.49434876424824,-19.033450447564597
0.3,-16.564827812927494,19.707423560331232,3.9586307785193258,-83.09717677951117,-74.30604966950041,-20.32827079089516
0.3041666666666666,-16.899202769214853,19.40583267175856,3.8781457830046966,-80.24998950896752,-72.38181325744259,-19.31639892351133
0.3083333333333333,-17.204269917347304,19.13734076948033,3.8087502542028697,-73.21611555178762,-64.43805654677413,-16.654926912438285
0.3125,-17.469183020922987,18.91930935638893,3.754413262209763,-63.579144858163325,-52.327539141936995,-13.040878078345536
0.3166666666666666,-17.689321813224545,18.761554559325408,3.716338409424988,-52.83331015237483,-37.861151295244966,-9.137964668346198
0.3208333333333333,-17.86548136506595,18.66716211478763,3.693358281785131,-42.27829244193673,-22.65418668906654,-5.515230633565497
0.325,-18.00276425883119,18.63377759353766,3.6825095638304304,-32.94789450365695,-8.012285099992972,-2.6036923091281596
0.3291666666666666,-18.109317591578822,18.65515694882485,3.679698501110496,-25.572799859433392,5.131045268925136,-0.6746550527841791
0.3333333333333333,-18.19504320926604,18.722744567024304,3.680365826132301,-20.574148244930168,16.221028367869632,0.16015800523298496
0.3375,-18.270386652101035,18.827073424971804,3.680075193714974,-18.082426280399595,25.03892590739984,-0.06975178015839066
0.3416666666666667,-18.345283291847498,18.958851946198894,3.674974398023167,-17.975193539151128,31.6268450945027,-1.2241909660336292
0.3458333333333333,-18.42831446651724,19.10968995408937,3.662106600395938,-19.927481920738117,36.20112189371396,-3.088271430534999
0.35,-18.526103929458795,19.272489482105826,3.639572693195196,-23.469471105973494,39.0718867239481,-5.408137728178046
0.3541666666666667,-18.642962942133355,19.44156748336761,3.60656135480077,-28.0461630418941,40.578720302828685,-7.922721214662148
0.3583333333333333,-18.78077086707366,19.61258880940979,3.563270552580263,-33.07390198567361,41.045118250123785,-10.3897925329219
0.3625,-18.939063505643677,19.782381246779103,3.510747627683456,-37.99023325680301,40.75018496863481,-12.605501975233635
0.3666666666666666,-19.11529802040972,19.948693271237968,3.450678253945468,-42.29628354385213,39.91488587012821,-14.416649697117373
0.3708333333333333,-19.30526526678352,20.109947168055907,3.385156728297878,-45.592139129710866,38.700935236305064,-15.725166155421409
0.375,-19.50361647024298,20.26503187056763,3.316468045590854,-47.60428883027071,37.22032860281295,-16.48528384968552
0.3791666666666666,-19.70445722734768,20.413163221433308,3.2469045916550514,-48.201781705128,35.55152420776355,-16.695228944592944
0.3833333333333333,-19.901946488424244,20.553814113833425,3.1786286714504453,-47.39742265837531,33.75621417602697,-16.386220849105317
0.3875,-20.090834228209594,20.68669252251896,3.113579477763171,-45.333057548483694,31.890818084528092,-15.611806484945692
0.3916666666666666,-20.26688148470805,20.811733637409223,3.053412966468806,-42.251341559631186,30.009867573664277,-14.439962710647793
0.3958333333333333,-20.427122896573124,20.929080267595303,2.9994597821851645,-38.45793884761624,28.16319124465907,-12.948764228073857
0.4,-20.56995126471818,21.03904864987396,2.952692188653177,-34.278808354813414,26.392411746877,-11.224222447676905
0.4041666666666667,-20.695030075094248,21.142097247102445,2.913701380969353,-30.018914490256172,24.731663334836842,-9.357793844117664
0.4083333333333333,-20.80307232129909,21.23881722124137,2.882693096743001,-25.93013908916314,23.21279379334194,-7.441988214324651
0.4125,-20.89554974242672,21.32994536347802,2.859508695419314,-22.19458107063027,21.870754136796585,-5.5642563176848565
0.4166666666666667,-20.974402636291384,21.41638027576328,2.8436742658564844,-18.924694527519065,20.744378948462067,-3.80026309507908
0.4208333333333333,-21.041805436886676,21.499176271319755,2.834475542958704,-16.176672142869666,19.87103893355401,-2.207693495467426
0.425,-21.100016060961693,21.57949836246236,2.831052170160617,-13.970549778004658,19.27730187422507,-0.8216094715408238
0.4291666666666666,-21.151307033350346,21.658538182736734,2.832501260181433,-12.309833373276925,18.969556865851054,0.3477816049958863
0.4333333333333333,-21.19795089983801,21.73740699280436,2.837978150850221,-11.19452795703825,18.92851441622905,1.314453760509076
0.4375,-21.24222055501314,21.81703081139635,2.846781472425911,-10.624717242032386,19.10971646207751,2.1127971781655726
0.4416666666666666,-21.286373872286678,21.898069288220004,2.858408104443284,-10.59679614564818,19.449234437677248,2.790391684169518
0.4458333333333333,-21.332615047783865,21.98086722062878,2.8725613804007786,-11.097882119325567,19.871503778106305,3.3967862297987517
0.45,-21.38304470641247,22.06543273011245,2.8890986099910227,-12.103118070865145,20.295722276080795,3.968935101658563
0.4541666666666666,-21.43961553105464,22.1514223647413,2.9079178747864707,-13.576997914120684,20.63751231092403,4.51662355090758
0.4583333333333333,-21.5041030661247,22.238103906100623,2.928806421377423,-15.477008416814462,20.803569926237994,5.013251181828502
0.4625,-21.578091176821975,22.32427068506309,2.9512911689246137,-17.757146567346748,20.680026950992183,5.396339411325731
0.4666666666666667,-21.6629626148944,22.408103462064734,2.974534311406408,-20.369145137380613,20.11986648039347,5.578354195630643
0.4708333333333333,-21.759878132774663,22.48701354871109,2.9973038873860816,-23.25972429126389,18.93842079512559,5.464698235121672
0.475,-21.869727064794468,22.55753732386728,3.018030227903803,-26.363743684753253,16.925706037484705,4.974321724253148
0.4791666666666667,-21.993044080612588,22.615364425458125,3.0349423193274423,-29.596083796348577,13.878504381803658,4.058901941673407
0.4833333333333333,-22.12990735066695,22.6555571409991,3.0462637803923465,-32.84718481304763,9.646251729834198,2.7171506555770466
0.4875,-22.27984907566077,22.672969868778555,3.050435375456668,-35.98601399851639,4.179054667069083,1.0011828154371019
0.4916666666666666,-22.441810233650816,22.66283175791969,3.046323852030485,-38.87067791761163,-2.4331466061267246,-0.9867656222838928
0.4958333333333333,-22.614159673261767,22.62142658711795,3.033380626276733,-41.363865506627796,-9.937240992418781,-3.106374180900465
0.5,-22.79478117222048,22.546786732924595,3.0117273930442128,-43.34915975009025,-17.91356500640472,-5.196775975804775
0.5041666666666667,-22.981216053876008,22.43930702040893,2.9821623631124687,-44.744371597327174,-25.795131003759856,-7.095607183618593
0.5083333333333333,-23.170837347232357,22.302183911641755,2.946094525576579,-45.50911040552324,-32.90954610412183,-8.656281008613535
0.5125,-23.361028400563104,22.14160192045265,2.9054220701152453,-45.64585279938017,-38.53967788538525,-9.761389310720148
0.5166666666666667,-23.549343209148265,21.96661939438505,2.862375604894047,-45.195554060437736,-41.99580625622349,-10.331151653087371
0.5208333333333334,-23.733630676280416,21.78874061978709,2.819348682707117,-44.22899211171641,-42.690905903509,-10.32646132486317
0.525,-23.912107669926808,21.62119400511021,2.778738243703794,-42.834478475134155,-40.21118752245215,-9.746505360797462
0.5291666666666667,-24.083371618621936,21.47796699434464,2.742814871063179,-41.10334768683075,-34.374482583738036,-8.62160943374778
0.5333333333333333,-24.246357758904587,21.372679552215786,2.7136352317172348,-39.116673667836466,-25.268986110924434,-7.0031134430266455
0.5375,-24.40026481719321,21.317405492193217,2.692995978714667,-36.937693989269874,-13.265774405416598,-4.953420720616304
0.5416666666666666,-24.5444855001986,21.321565268826493,2.682412668865827,-34.612963921292824,0.9983463919863347,-2.5399943637215916
0.5458333333333333,-24.678577616612785,21.391011649989984,2.68309656675563,-32.182107939405114,16.667131479237927,0.16413549355270676
0.55,-24.8022978010312,21.52741519412264,2.6959044620600765,-29.692844260419403,32.73685059183559,3.073894873067111
0.5541666666666667,-24.915697661455084,21.728030730473694,2.721251790996936,-27.215966501731923,48.1477287242551,6.08335894484631
0.5583333333333333,-25.019259709653934,21.985885054623527,2.7589984377297223,-24.85489156772397,61.88503779595913,9.059195215868737
0.5625,-25.114033863803854,22.29037288153296,2.8083306245485784,-22.74579699598186,73.0770784582634,11.839724836525505
0.5666666666666667,-25.201725637223728,22.628196880772013,2.8676692140270803,-21.046025620768848,81.07775981737376,14.241261474840506
0.5708333333333333,-25.28468561199483,22.98455108739253,2.934636505999728,-19.91039394506494,85.52500958892496,16.07215007343543
0.575,-25.36576229061552,23.344426202059356,3.0061103905547832,-19.458402868965617,86.37002752003727,17.15373229321339
0.5791666666666667,-25.448009922813103,23.69390538947857,3.078384176007783,-19.73943172741923,83.87500498060922,17.345708508719493
0.5833333333333334,-25.534282439781126,24.021320187712647,3.1474316931308617,-20.70540407232564,78.57955157617965,16.571404109538992
0.5875,-25.626781001189592,24.31815125578487,3.2092534851197034,-22.19965473803179,71.23945633733368,14.837230077322072
0.5916666666666667,-25.726643973957856,24.57958445877188,3.2602561410927198,-23.96711346438346,62.7439687168819,12.240637433523858
0.5958333333333333,-25.833667806626188,24.804661748119425,3.2975994954546124,-25.685719840399862,54.018549443412006,8.962405046854368
0.6,-25.94622397780125,24.996000187087297,3.319444276938865,-27.013481082013964,45.921225352289404,5.24274755622054
0.6041666666666666,-26.061394845703163,25.15910154913921,3.3250518383798786,-27.641008296460072,39.14432689245885,1.345814745843375
0.6083333333333333,-26.17530110283335,25.301340455673955,3.3147229261589084,-27.337501711245505,34.137337568339326,-2.4789389330328593
0.6125,-26.28355303728834,25.430782889866844,3.289599772652797,-25.980464269196343,31.066184206292597,-6.029556841466646
0.6166666666666667,-26.38174109693432,25.555020513469657,3.251380861629652,-23.56513431503467,29.817029664675196,-9.17253864555494
0.6208333333333333,-26.46589045526805,25.68019088412028,3.202003653046878,-20.19584600009587,30.04088895614938,-11.850530059865683
0.625,-26.53282923824185,25.81029774019045,3.143340654402785,-16.065307913712047,31.22564545684025,-14.079119674582309
0.6291666666666667,-26.5804459956864,25.946879207161867,3.0769394151428067,-11.428021786691472,32.77955207314119,-15.93629742239488
0.6333333333333333,-26.607829312341917,26.08902020538518,3.003827172475716,-6.5719959973239614,34.11383957359488,-17.546938240101888
0.6375,-26.6152917272124,26.23367114056542,2.924397139999742,-1.7909795689172434,34.71622444325801,-19.06320779423378
0.6416666666666667,-26.60428838072617,26.37620918626888,2.838389766462011,2.6408031566943992,34.20913096882976,-20.641769649054943
0.6458333333333334,-26.57725207899601,26.51115721430333,2.744973047328824,6.488712415238377,32.387526728269165,-22.420012591964998
0.65,-26.537375719100783,26.63296119230413,2.6429108036801936,9.570326374855574,29.23295472019088,-24.494938475671347
0.6541666666666667,-26.488372411438338,26.73672318585501,2.5307913000930355,11.760793838986999,24.902878452210278,-26.90868086091803
0.6583333333333333,-26.434233899871188,26.818796665605305,2.4072767643917428,12.993242776115938,19.69763514007191,-29.643488568310374
0.6625,-26.378997609238137,26.877175056711547,2.271331606459661,13.25670975193224,14.0108138654981,-32.6268379036997
0.6666666666666666,-26.32652815896415,26.911641654573817,2.122394134850604,12.592668065756571,8.271983486944835,-35.744993186173865
0.6708333333333333,-26.28032092555639,26.923690965946903,1.9604705198747223,11.089736017863213,2.8918347295408,-38.86166759421167
0.675,-26.24334119066633,26.916264756657363,1.7861464052997948,8.8751363736126,-1.7822902294897902,-41.83778749798168
0.6791666666666667,-26.217919228540968,26.89336171998392,1.6005279029198778,6.101270910088225,-5.496728801625769,-44.54844057118025
0.6833333333333333,-26.205723210451637,26.859580547627832,1.4051370829308136,2.9270443414401472,-8.107481365461553,-46.893796797375565
0.6875,-26.2078210970111,26.81965083811886,1.2017922847456184,-0.503492774271594,-9.583130282153183,-48.80275156444703
0.6916666666666667,-26.22481890675273,26.778000189010868,0.9924961145406302,-4.07947433799167,-9.996155785918326,-50.23108084919733
0.6958333333333333,-26.257035746307,26.73840098924532,0.779338602968862,-7.732041493024751,-9.503807943732204,-51.15780277722455
0.7,-26.304661807731662,26.703736215898424,0.5644117446759871,-11.430254741919766,-8.319545603254456,-51.58244599029017
0.7041666666666667,-26.367854861261332,26.67591434268564,0.3497299431851308,-15.166332847120364,-6.677249571068687,-51.52363235780431
0.7083333333333334,-26.446759153241327,26.655943279372263,0.1371533110845564,-18.937030075198106,-4.793055195209791,-51.01839170413805
0.7125,-26.541459854362564,26.644145589283653,-0.0716872360620852,-22.72816826909698,-2.8314456212663788,-50.12173131519417
0.7166666666666667,-26.65189923406762,26.640473852005343,-0.2754605945602486,-26.505451129213593,-0.8812169467935891,-48.905606039559366
0.7208333333333333,-26.777776498015207,26.644872582044787,-0.4731935244681963,-30.21054334742086,1.0556952094657428,-47.45590317790762
0.725,-26.91844345007604,26.657627566165036,-0.6643045523289954,-33.760068494599246,3.061196188859025,-45.866646686591956
0.7291666666666666,-27.07280283315312,26.6796411315149,-0.8486045675738065,-37.04625193849906,5.283255683967828,-44.23200365875482
0.7333333333333333,-27.23921883722292,26.71257803721869,-1.0262602450859808,-39.939840976753516,7.904857368911024,-42.637362602921975
0.7375,-27.415459558968124,26.7588479891974,-1.1977196446864848,-42.29777321884756,11.104788474888807,-41.15025590412002
0.7416666666666667,-27.59870239974737,26.82142356020101,-1.3636001884067672,-43.97828178702029,15.018137040866346,-39.81133049286791
0.7458333333333333,-27.78563236516592,26.9035250079068,-1.524542527553117,-44.863191700451225,19.704347449390198,-38.62616139512409
0.75,-27.972642691930616,27.00822798220725,-1.6810428086166571,-44.88247842352722,25.128713832107596,-37.56006745524981
0.7541666666666667,-28.156115062353503,27.13806184253089,-1.833287570253507,-44.03336890149306,31.16012647767445,-36.53874279284404
0.7583333333333333,-28.332730050808863,27.29465758932342,-1.9810241350130169,-42.38759722928635,37.582979230207194,-35.45677554228245
0.7625,-28.499752685445287,27.478475008884782,-2.123500383177728,-40.08543231274203,44.11618069472682,-34.19429955953088
0.7666666666666667,-28.6552571169536,27.6886085686792,-2.2594990127292864,-37.321063561993235,50.432054350659115,-32.639671092373234
0.7708333333333334,-28.798283751775912,27.92266320750186,-2.3874746132914817,-34.32639235735605,56.17311331743841,-30.714144134926972
0.775,-28.928936873029706,28.176702977673123,-2.505782260116438,-31.356749100910516,60.96954484110363,-28.39383523798964
0.7791666666666667,-29.048420649276117,28.44528871683864,-2.612967000616248,-28.676106299138088,64.46057739972412,-25.724337719954512
0.7833333333333333,-29.15899212412339,28.721623432181843,-2.70806579256838,-26.537153963346423,66.32033168236912,-22.82371006851176
0.7875,-29.26380410543162,28.99781682993437,-2.790863369017789,-25.1548755139755,66.28641546060716,-19.871418347858203
0.7916666666666666,-29.36662762564165,29.26526805717278,-2.8620500517236698,-24.677644850407408,64.18829453721793,-17.084803849411426
0.7958333333333333,-29.47147428720664,29.51515101677031,-2.923251672404635,-25.163198775597184,59.971910303407796,-14.688388963431736
0.8,-29.582165809609688,29.738972307209988,-2.9769266404716834,-26.56596537673091,53.71710970552119,-12.881992336091296
0.8041666666666667,-29.70190783616611,29.92916048476459,-3.026143089259205,-28.738086373541694,45.645162613104894,-11.81194770900526
0.8083333333333333,-29.8329189155179,30.079635567092694,-3.07426299612357,-31.442659044429714,36.11401975874584,-11.548777647447578
0.8125,-29.97615533792325,30.186297476979217,-3.1245757770901883,-34.37674137728448,25.59885837276463,-12.075067431988458
0.8166666666666667,-30.131163438064096,30.24736724233317,-3.1799365777033763,-37.20194403380261,14.656743684947793,-13.286592147165178
0.8208333333333333,-30.29607767489828,30.26352531265172,-3.2424652401868053,-39.579416840204686,3.877936876452011,-15.006878996022994
0.825,-30.46776259602378,30.237820403033503,-3.313348758179374,-41.20438107011936,-6.169178308370271,-17.012044318216535
0.8291666666666667,-30.64207653176716,30.17536352505214,-3.3927675556887094,-41.83534457841051,-14.989650715527256,-19.060511402240067
0.8333333333333334,-30.814222479800765,30.08286135006206,-3.479941841790912,-41.31502752806555,-22.200521997619454,-20.921828664528665
0.8375,-30.97914863715673,29.968062391810317,-3.5732792839728647,-39.58227776543154,-27.55174998041933,-22.40098612366876
0.8416666666666667,-31.131963799695136,29.839181189025076,-3.6706045423479536,-36.67563900921762,-30.931488668457913,-23.35806201002144
0.8458333333333333,-31.2683361724308,29.704344069664963,-3.7694559577942734,-32.729369456558686,-32.360908646426594,-23.72433970711684
0.85,-31.38484390337761,29.5710850311012,-3.8674316238355217,-27.961855427236443,-31.982169255302722,-23.514159849899677
0.8541666666666666,-31.47924306733286,29.445915859743742,-3.962553885261505,-22.655799349258896,-30.040601125789514,-22.82934274223611
0.8583333333333333,-31.550622047409878,29.33399216904434,-4.053606880243023,-17.13095521848351,-26.861685767857562,-21.852718795564286
0.8625,-31.599427577831232,29.238890218143347,-4.140395798922032,-11.713327301125688,-22.824468216237833,-20.82934048296183
0.8666666666666667,-31.627372608566528,29.16250071913378,-4.223882072707063,-6.706807376471057,-18.333479762295674,-20.036705708407467
0.8708333333333333,-31.63725509537754,29.105041154574756,-4.306162648032122,-2.371796834642916,-13.790295494166905,-19.74733807801414
0.875,-31.632720303736683,29.06518459345377,-4.390281187583069,1.0883499938057677,-9.565574669035504,-20.18844949222739
0.8791666666666667,-31.617990904518432,29.040289122524527,-4.479884678506696,3.5350558123801203,-5.974913023018779,-21.504837821670442
0.8833333333333333,-31.59757788794575,29.02668732011214,-4.578767175355796,4.899123977443782,-3.2644325789732536,-23.73179924378414
0.8875,-31.575978023159127,29.01998016558785,-4.690363249329458,5.183967548789515,-1.609717085829351,-26.783057753679056
0.8916666666666667,-31.55736613831405,29.01529294848972,-4.817258862297564,4.466852362817985,-1.1249321035512334,-30.45494711234469
0.8958333333333334,-31.545303923201622,29.007483698655296,-4.960778595379519,2.8949316269822236,-1.874219960261605,-34.44473593966945
0.9,-31.54250165476689,28.99132146340228,-5.120694434973526,0.6725444243355152,-3.8789364607240056,-38.37980150256171
0.9041666666666668,-31.55067241832024,28.96165628086455,-5.295089750420531,-1.960983252802703,-7.119643809055112,-41.85487570728024
0.9083333333333332,-31.570507199660213,28.913588338403883,-5.480402075101275,-4.760347521593915,-11.536306190560397,-44.47495792338114
0.9125,-31.601780231890437,28.84262465990208,-5.671653800315044,-7.505527735252824,-17.03128284043277,-45.900414051303365
0.9166666666666666,-31.643571415421626,28.744802940310358,-5.862856603827903,-10.029884047485247,-23.477212702013983,-45.88867284308643
0.9208333333333332,-31.69456444632625,28.616772684137924,-6.047545332016636,-12.238327417112004,-30.72726148138408,-44.325294765297215
0.925,-31.75334753329545,28.455847719943502,-6.219369187501157,-14.107940872606415,-38.62199140665844,-41.237725316283054
0.9291666666666668,-31.81862419845501,28.26006184289561,-6.372655657339683,-15.666399638293662,-46.9886104914949,-36.78875276124536
0.9333333333333332,-31.889256229390742,28.02825523482092,-6.502872817276331,-16.95168742457707,-55.63358593792746,-31.252118384797285
0.9375,-31.96411425104871,27.76019750182448,-6.606941213844202,-17.965925197911627,-64.3338559191448,-24.97641517628842
0.9416666666666668,-32.04178119895956,27.456729673885,-6.683373636478784,-18.64006749860422,-72.8322787054731,-18.34378143229927
0.9458333333333332,-32.120206686684426,27.11989259644084,-6.732243220448814,-18.822117053968487,-80.84089858660353,-11.728700152807958
0.95,-32.19642618658863,26.753003634810614,-6.754998521193244,-18.29267997700882,-88.05335079125082,-5.46127217866294
0.9541666666666668,-32.26644020229604,26.36064577512904,-6.754158790164123,-16.80336376977694,-94.16588632357488,0.20153544698898848
0.9583333333333334,-32.32530916028772,25.948541225156408,-6.732931846978593,-14.128549918004722,-98.90509199343384,5.094466364527375
0.9625,-32.36747348668333,25.52329290817095,-6.69480080801072,-10.119438334945734,-102.0595960765099,9.151449352289621
0.9666666666666668,-32.38726471503951,25.09199118250505,-6.643126495733441,-4.749894805482204,-103.5124141598128,12.401834946546655
0.9708333333333332,-32.37953908968581,24.66170203992017,-6.580810222625283,1.8541500848881387,-103.26939422037772,14.955905545958641
0.975,-32.340345152909265,24.23887683739032,-6.510055395451873,9.406544826369792,-101.47804860716171,16.98115852161795
0.9791666666666666,-32.26753287228938,23.82874550896966,-6.432253847958917,17.474947348772563,-98.43151882095903,18.67237139830969
0.9833333333333332,-32.16122050130067,23.43476527113925,-6.348002661260871,25.51496903729137,-94.5552570793018,20.22028480753154
0.9875,-32.0240515895251,23.05819104025356,-6.2572319585500304,32.92053882613466,-90.37781541256129,21.78496865060067
0.9916666666666668,-31.86119788599648,22.69781887877829,-6.159402123740184,39.084888846867564,-86.48931875406332,23.479160354362516
0.9958333333333332,-31.680097152642546,22.34993952998471,-6.053721029013091,43.46417600494809,-83.491043710463,25.363462734503862
1.0,-31.489953706194928,22.00852690477824,-5.939342501733927,45.634427147426294,-81.9390300495517,27.45084654699867
1.0041666666666669,-31.301059963052776,21.665670246598324,-5.815527919640243,45.33449835411434,-82.28559796317472,29.71549970248263
1.0083333333333333,-31.1240117712299,21.31223514852551,-5.681769491965707,42.491566037492845,-84.8244235374804,32.10202264189048
1.0125,-30.968895853949217,20.93871154197764,-5.537880551069541,37.22782014736381,-89.64566557149001,34.533345815080146
1.0166666666666666,-30.84453126568095,20.53618211579824,-5.384059357919229,29.847501184384377,-96.6070622830552,36.91708635607489
1.0208333333333333,-30.757844273134,20.0973248312112,-5.220933406635448,20.80487821126845,-105.32574830089013,39.1502283081077
1.025,-30.713440653894164,19.617350350716197,-5.049590269507653,10.656868617560102,-115.19387531880183,41.12235291067088
1.0291666666666666,-30.713409828691965,19.09477143101952,-4.871596392929226,0.007398048527704785,-125.41894072720213,42.71853037882253
1.0333333333333334,-30.7573549639574,18.53190557254077,-4.688997991237327,-10.546832463703923,-135.08780603489367,43.823616406053766
1.0375,-30.842601318630265,17.93502719214856,-4.504290404903796,-20.45912512148682,-143.25081129413059,44.32982072004749
1.0416666666666667,-30.96450806205808,17.31411999604779,-4.320335562763056,-29.257618422676433,-149.01772706418538,44.149162113777805
1.0458333333333334,-31.11681173778029,16.682231954139333,-4.140205994363459,-36.55288217333107,-151.65313005803026,43.231096415903366
1.05,-31.29196299885969,16.05448685833977,-3.966944347135255,-42.03630265905603,-150.65882299189522,41.582795334769116
1.0541666666666667,-31.481463987336628,15.44684569465524,-3.803250041212244,-45.48023723446493,-145.83387928428814,39.28663342152287
1.0583333333333331,-31.676245313998905,14.874739433387846,-3.651131479109736,-46.747518398949055,-137.3055027041822,36.50845490460396
1.0625,-31.86712202838782,14.35171310316734,-3.5115824742252237,-45.81041145333699,-125.52631925291537,33.491761172281336
1.0666666666666669,-32.04534013736477,13.88822426626436,-3.384349715564092,-42.772346154465744,-111.23732085670939,30.535862078670036
1.0708333333333333,-32.203186875459174,13.49072635987783,-3.2678530199662705,-37.88321714265964,-95.39949753277301,27.959206943478694
1.075,-32.33460811086336,13.161141773328785,-3.159298879086035,-31.54109649700399,-79.1003007717714,26.05299381125667
1.0791666666666666,-32.4357634851172,12.896789476230207,-3.0549883710245944,-24.277289820922277,-63.44455130365796,25.03452193474578
1.0833333333333333,-32.505449163553244,12.690775177856311,-2.950772002505715,-16.724562824650835,-49.44343160973521,25.01192844453117
1.0875,-32.545320543196006,12.532787520378626,-2.842565952894459,-9.56913111426278,-37.917037794644976,25.969451906701536
1.0916666666666666,-32.55985255292272,12.410193227157876,-2.726831784156388,-3.4876823344115007,-29.422630372980155,27.77620049713721
1.0958333333333334,-32.55599307575769,12.309303175200048,-2.6009355741931093,0.9262745196070449,-24.213612469877507,30.215090391185296
1.1,-32.54250510127033,12.21668179374826,-2.463333487115591,3.237113876966771,-22.22913154842893,33.024500898604515
1.1041666666666667,-32.529051094258335,12.120373338631804,-2.313570111755897,3.22896168287856,-23.114029227949768,35.94321008632671
1.1083333333333334,-32.52512806564366,12.010916909963596,-2.1521160178773666,0.9415268675212507,-26.269542880370075,38.7489825308474
1.1125,-32.53899279125442,11.882034387696118,-1.980102509803459,-3.3275341465821504,-30.931805344194853,41.28324193773797
1.1166666666666667,-32.576718008940695,11.730914649752538,-1.7990255652198222,-9.05405224470545,-36.26873710645923,43.458466700073004
1.1208333333333331,-32.64149993891975,11.55807964213784,-1.610484055884098,-15.54766319497421,-41.48040182752973,45.24996224057636
1.125,-32.73330366576851,11.36688905170241,-1.415993522435594,-22.03289444370118,-45.88574170450115,46.67772802763866
1.1291666666666669,-32.84889025808133,11.162800298531671,-1.2168871735076552,-27.74078215507619,-48.981300760974854,47.78552374270293
1.1333333333333333,-32.98222158147802,10.952525704087366,-1.0142945934361915,-31.999517615207196,-50.46590266663617,48.62221921715403
1.1375,-33.12519098073491,10.743208971194685,-0.8091824264891008,-34.31265582165236,-50.23601589424363,49.22692006730196
1.1416666666666666,-33.268586581578894,10.541697949625789,-0.6024425755490086,-34.4149442025572,-48.362645176535636,49.617564225622296
1.1458333333333333,-33.403164065118176,10.353954757243445,-0.3950096669464517,-32.298596049427715,-45.05836617176231,49.78389806461382
1.15,-33.52069182408129,10.184634057656533,-0.1879783720866417,-28.20666215114737,-40.63696790085899,49.68751076635457
1.1541666666666666,-33.61483709635804,10.036861985730129,0.0173168504360584,-22.594865346419592,-35.46529726233756,49.27085340544823
1.1583333333333334,-33.6817863002324,9.912238924210063,0.2192911031270315,-16.067808929845224,-29.90953476481373,48.473820645831125
1.1625,-33.72053040450035,9.81106001844446,0.4161794171204206,-9.298585024309352,-24.28293738374458,47.25319535841356
1.1666666666666667,-33.73279168676004,9.732708544728183,0.6061773107353196,-2.942707742324739,-18.80435369190685,45.599494467575894
1.1708333333333334,-33.72261941675952,9.676150678069488,0.7876264166474584,2.4413448001240656,-13.573887998086795,43.54778541891347
1.175,-33.69573176281931,9.640460134473516,0.9592187810104148,6.453036945651457,-8.56573046303342,41.18216744710972
1.1791666666666667,-33.65871640112763,9.6253212109299,1.120200887467265,8.883686806003116,-3.6333416504680955,38.635705549644236
1.1833333333333331,-33.618215081116176,9.631480540477527,1.27056624422122,9.720316802748796,1.4782390914309347,36.08768562095118
1.1875,-33.58021030743305,9.661127117305426,1.4112266985160091,9.121145683950092,7.115178438695368,33.75850903074771
1.1916666666666669,-33.54950955695489,9.71817057501066,1.5441450827489778,7.368180114758249,13.690429849255453,31.900412215910887
1.1958333333333333,-33.5294852314573,9.808362558587902,1.6723984646388763,4.805838119421242,21.646076058539258,30.78081165357745
1.2,-33.52208161706666,9.939181298168684,1.8001304392240347,1.7768674537535452,31.396497499387802,30.65567390043807
1.2041666666666666,-33.52805495521382,10.119396301637082,1.9323519536143496,-1.4336011553177792,43.251600832415576,31.733163453675697
1.2083333333333333,-33.5473791135875,10.358261810131436,2.07456784786408,-4.637798009684405,57.32772203864534,34.13181461993538
1.2125,-33.579728678898576,10.664354950847748,2.232238286942039,-7.763895674657447,73.46235377191474,37.84090537871037
1.2166666666666666,-33.62494226520169,11.044163895593748,2.410122860906152,-10.851260712747187,91.1541467390406,42.69229775138723
1.2208333333333334,-33.68337414319229,11.500615718109431,2.6115899526562254,-14.023650717743278,109.54843740375902,48.35210202001521
1.225,-33.756064791983896,12.03178384106871,2.8379949542084866,-17.445755709985693,127.48034951022706,54.337200372542874
1.2291666666666667,-33.84469773329683,12.630016537762062,3.0882322609426978,-21.271905915105055,143.57584720640483,60.0569536162109
1.2333333333333334,-33.95135349514914,13.281684605858088,3.358547315034744,-25.597382844554296,156.40033634304672,64.87561298209128
1.2375,-34.078112783752395,13.9676675766972,3.642659138408197,-30.42222926478086,164.63591300138776,68.18683760962901
1.2416666666666667,-34.22659035064265,14.664589678323363,3.9321961617307233,-35.634616053661844,167.26130439027958,69.48888559740655
1.2458333333333331,-34.39749040739392,15.346688673288533,4.217397231027898,-41.01601362030584,163.70375879165002,68.44825663132588
1.25,-34.59026135109511,15.98807947496408,4.487985918099137,-46.26502648828361,153.93379240212357,64.94128489709415
1.2541666666666669,-34.802898779281136,16.565100027567354,4.734100242030896,-51.03298276464417,138.48493262477896,59.06743774361926
1.2583333333333333,-35.03191493541633,17.058422372655325,4.947159061720376,-54.96387747244995,118.39736282111991,51.1341167254779
1.2625,-35.27247126041005,17.45466429296217,5.120569196003023,-57.73351799849272,95.0980608736433,41.618432227835605
1.2666666666666666,-35.51865915658539,17.747319519114907,5.2502118360087175,-59.085095082082475,70.23725427665678,31.11423360136673
1.2708333333333333,-35.76390482229071,17.93692549255287,5.334679699551292,-58.85895976927677,45.50543362511137,20.27228725021793
1.275,-36.00146282321135,18.03050355437872,5.375263254618948,-57.01392022095283,22.45873483820369,9.74005321623739
1.2791666666666666,-36.224952566937205,18.040417201199325,5.375708002504173,-53.637538494205806,2.379275236945668,0.10673949245415353
1.2833333333333334,-36.42888464122976,17.982865538926767,5.341785393948148,-48.94369783021188,-13.8123989454134,-8.141426053445734
1.2875,-36.60911985594636,17.87624032224268,5.280732593935238,-43.256451531983245,-25.59005200418094,-14.652672003098298
1.2916666666666667,-36.76320435661451,17.739535435382574,5.2006186956383855,-36.98028016035563,-32.80917284642538,-19.227335591244735
1.2958333333333334,-36.89053344300264,17.590937665679537,5.109691791994627,-30.558980733151312,-35.66346472872921,-21.82245687450213
1.3,-36.99231634979449,17.44667426801479,5.015758317122873,-24.427897630045067,-34.6232154395396,-22.544033969221086
1.3041666666666667,-37.07134074532647,17.320154186799453,4.925642848408093,-18.965854927673785,-30.36481949168074,-21.627712491547236
1.3083333333333331,-37.13156369662676,17.22141132489342,4.844768873410205,-14.453508312070339,-23.69828685744913,-19.409753999494267
1.3125,-37.177582106770025,17.15683836088302,4.77688862743138,-11.044418434383962,-15.497511362494915,-16.29125903491709
1.3166666666666669,-37.2140571065002,17.12919081989265,4.723977337425043,-8.753999935241401,-6.635409837689064,-12.698709601520271
1.3208333333333333,-37.245176370929975,17.137840268616568,4.686295913178435,-7.468623463146711,2.075867693740581,-9.04354181918636
1.325,-37.27422889754064,17.179253876363823,4.6626131799100135,-6.972606386559075,9.939265859341369,-5.6838559844212915
1.3291666666666666,-37.303341115478496,17.24766876777703,4.650562244599645,-6.9869323050858405,16.41957393916931,-2.8922244744883687
1.3333333333333333,-37.33339162059261,17.335912062808074,4.647089338274549,-7.212121227388505,21.178390807450928,-0.8334975180230971
1.3375,-37.36409143777731,17.436294447795476,4.648943398611774,-7.367956124327319,24.091772396976495,0.4449744809339522
1.3416666666666666,-37.39419029026836,17.541485620517662,4.653153026275487,-7.223724597852223,25.245881453324817,1.010310639291209
1.3458333333333334,-37.42175213856074,17.645273911078302,4.657441485354718,-6.61484359017062,24.90918973455241,1.0292301790152634
1.35,-37.44444075424146,17.74312329157964,4.660536464718806,-5.445267763373087,23.483851320321005,0.7427950473812244
1.3541666666666667,-37.45976717096734,17.832468160275294,4.662340455221828,-3.678340014210461,21.44276848695718,0.432957720725186
1.3583333333333334,-37.46526882891099,17.9127283500706,4.663944428657356,-1.3203979064769602,19.26244555087386,0.3849536245267174
1.3625,-37.45860842939776,17.985076299357647,4.667492104669432,1.5984958831751386,17.363507828891105,0.8514422428984177
1.3666666666666667,-37.437596232908994,18.052029491121708,4.675926597374744,5.042927157304593,16.068766023374565,2.024278249274765
1.3708333333333331,-37.400155057468645,18.116960294907557,4.69266576148758,8.985882105684425,15.583392908603775,4.017399387080773
1.375,-37.34426352876903,18.18361088758178,4.721252825641984,13.413966887907705,15.996142241813288,6.860895397056709
1.3791666666666669,-37.26792233648361,18.255682102618817,4.765018528604124,18.321886148499626,17.2970916088883,10.503768710912997
1.3833333333333333,-37.16918042014385,18.33654015432297,4.826777950341046,23.698059921542477,19.405932408999114,14.822261216862163
1.3875,-37.04623553060474,18.429056338908865,4.908576551361956,29.50677348938722,22.20388430061356,19.63166424501857
1.3916666666666666,-36.89760110220443,18.53556467136185,5.011498089751892,35.67226281607374,25.561999788716697,24.701169213584624
1.3958333333333333,-36.722320823290666,18.657898490317525,5.135548832744138,42.06726693930435,29.36011654936191,29.772178318139133
1.4,-36.52021193227156,18.797455205870165,5.279631515085875,48.506133844586145,33.49361173263373,34.579843762016985
1.4041666666666666,-36.292116095397446,18.955237988261537,5.441615121210488,54.743000849786846,37.86786777392947,38.87606546990724
1.4083333333333334,-36.0401255509655,19.131831462235954,5.61849311000531,60.47773066366444,42.38243375385809,42.450717310755216
1.4125,-35.767739159058074,19.327284473226413,5.806605102401592,65.37273405778217,46.90872263771029,45.14687817510778
1.4166666666666667,-35.4799007993341,19.54089827304472,6.001880827655352,69.08120633375485,51.267311956394124,46.86617406090273
1.4208333333333334,-35.1828856221558,19.770954937402976,6.20006123704981,71.2836425227911,55.21359944598137,47.563298254670016
1.425,-34.88402198760549,20.01446116026439,6.396867553493164,71.72727229207422,58.4414934867393,47.23351594640508
1.4291666666666667,-34.59125961166232,20.26700362043553,6.588116576196647,70.26297022636098,60.61019044107432,45.89976544883621
1.4333333333333331,-34.31261486006205,20.522793072118176,6.76980043476265,66.87474038406985,61.389468403838315,43.604126055843146
1.4375,-34.05554749449854,20.77492308494252,6.938149608092627,61.69616773523876,60.51120307783901,40.4038015991925
1.4416666666666669,-33.82634936155724,21.01581584111109,7.089686175446937,55.00755190590905,57.81426148045394,36.36877616503266
1.4458333333333333,-33.62963880299196,21.23779275719011,7.221265161615594,47.21053405566961,53.27445985896834,31.57895668047951
1.45,-33.468037520812274,21.43369513568886,7.330104193061633,38.7843077231254,47.016570839700364,26.121367547049296
1.4541666666666666,-33.34206196112945,21.597486475546116,7.413813125343532,30.234134323877235,39.309921565740495,20.090143747655915
1.4583333333333333,-33.25021211018647,21.72478518933275,7.470445455880482,22.04396422631654,30.551691308792893,13.591759328868113
1.4625,-33.18921113226544,21.813288076142385,7.49859072479364,14.640234701046262,21.240692834312615,6.754864539157903
1.4666666666666666,-33.1543481567317,21.86304135851917,7.497509134882705,8.36711412809794,11.94078777042823,-0.259581578624478
1.4708333333333334,-33.13989395762071,21.87650821750665,7.467286391735761,3.469007786638199,3.232046156995362,-7.2534583552662415
1.475,-33.139576032973046,21.85838997935699,7.408971887300228,0.07630191543853498,-4.3483771559186986,-13.995481064527887
1.4791666666666667,-33.14710096635111,21.81519145338691,7.324662618616319,-1.805984010735535,-10.367646232819292,-20.234224484138252
1.4833333333333334,-33.156696399693736,21.7545702286941,7.217505668373994,-2.3029040022299876,-14.549093926274333,-25.717668058158004
1.4875,-33.16362182329102,21.684555746900138,7.0916074136094505,-1.6621016633473633,-16.803475630550853,-30.21558114349066
1.4916666666666667,-33.16457963445892,21.61275029360816,6.951852564715517,-0.22987468029612126,-17.233308790074265,-33.54116373454422
1.4958333333333331,-33.157956491540695,21.5456258139687,6.803648610952819,1.5895543003734696,-16.109875113471396,-35.568948903049495
1.5,-33.14384488592781,21.48801152419278,6.652621654256167,3.386785347091577,-13.827429546220907,-36.24646960719478
1.5041666666666669,-33.12383228138746,21.44283283909033,6.504297077992787,4.803025089684968,-10.84288442458731,-35.597898303209384
1.5083333333333333,-33.10058866462397,21.41111873656188,6.363799855257412,5.578468023237268,-7.611384606827733,-33.719333456491896
1.5125,-33.07731979178899,21.392253448966176,6.235602759089927,5.584529480395892,-4.527669022969308,-30.767303080196452
1.5166666666666666,-33.05717414205678,21.38441985051556,6.1233393948192445,4.834955935729698,-1.8800636281480432,-26.943207424963898
1.5208333333333333,-33.04269406778791,21.38516676645015,6.029689077131238,3.475217824528171,0.17925982430199447,-22.47607624512171
1.525,-33.03538873888027,21.392021994566903,5.956334982473641,1.7532789378339038,1.6452547480204829,-17.60498271782324
1.5291666666666666,-33.03548420170189,21.40306178555477,5.903992162590136,-0.02291107718860993,2.6495498370886232,-12.562276772041345
1.5333333333333334,-33.041878819059804,21.41734288469532,5.872493699580857,-1.5347081658989428,3.427463793730226,-7.559631122226571
1.5375,-33.05230313702144,21.43511716156169,5.860913419082222,-2.5018363107926778,4.265826447929457,-2.7792673196722815
1.5416666666666667,-33.06365570269862,21.45778582069154,5.867699173881705,-2.7246157625228404,5.440478191164592,1.6285811518757556
1.5458333333333334,-33.07246362307894,21.487602434453404,5.890796742159297,-2.113900891276906,7.155987302847135,5.543416386622104
1.55,-33.07539820096376,21.52718410448159,5.927757642967355,-0.7042986923573861,9.499600806765079,8.870616193933959
1.5541666666666667,-33.06976428070809,21.57892028837612,5.975835906961382,1.3521408613604584,12.416684134687204,11.538783358566503
1.5583333333333331,-33.05388620126155,21.64437593774929,6.032084132584448,3.8107390671708465,15.70935584956264,13.499574149536627
1.5625,-33.02733799512807,21.72378045899776,6.09345924109362,6.371569472034049,19.057085099630246,14.730026042200613
1.5666666666666669,-32.99100114112788,21.8156836445437,6.156944729206914,8.720844960045177,22.05676453102488,15.236517147189753
1.5708333333333333,-32.94696443083125,21.916840052070203,6.219689633798245,10.568810471191942,24.277537806362048,15.058777101920317
1.575,-32.89829818342311,22.02234993067648,6.2791578232278855,11.679899377954298,25.32237086550575,14.272365463113823
1.5791666666666666,-32.848738673501515,22.12604078126983,6.333277487830111,11.894282381182435,24.885804142404684,12.98871950453422
1.5833333333333333,-32.802314520239754,22.22102964137825,6.3805787479336304,11.141796782822592,22.797326426022348,11.35230242484465
1.5875,-32.762944259342866,22.300376841559185,6.420304195574074,9.448862615253153,19.04332804342324,9.5341074337065
1.5916666666666666,-32.73403877975793,22.35773622028932,6.452473427922039,6.937315100384492,13.76625089523207,7.720615763511517
1.5958333333333334,-32.71815092108968,22.387921597087423,6.477883002076895,3.8130860803799274,7.244490431544856,6.0982977971653245
1.6,-32.71671836455651,22.38733568713384,6.498030983254572,0.34381356796018403,-0.14061838885965067,4.835515482642395
1.6041666666666667,-32.729936042137496,22.35423736366253,6.514967074038268,-3.1722426194358033,-7.9435976331137965,4.064661788086937
1.6083333333333334,-32.75676976021389,22.288848963484977,6.531079055943193,-6.440092338335171,-15.69321604261381,3.8668756571822054
1.6125,-32.79509480194169,22.19332144379448,6.548832080867367,-9.198010014670817,-22.92660472571904,4.260725981801714
1.6166666666666667,-32.84192708214821,22.071580064276816,6.57048195027543,-11.239747249565578,-29.217931084239797,5.195968657935116
1.6208333333333331,-32.89371456799165,21.929069621134207,6.597789149935157,-12.428996602426562,-34.20250635422799,6.553727918334945
1.625,-32.94666296828216,21.77241149997686,6.631766177022017,-12.707616069721944,-37.59794907776109,8.154486500845998
1.6291666666666669,-32.99706939997065,21.608982481515884,6.672493898576663,-12.09754360523615,-39.222964430632636,9.774653173114498
1.6333333333333333,-33.04163029779391,21.44643452927854,6.719040769252244,-10.694615477582982,-39.011508536964584,11.171248962140007
1.6375,-33.07768602829868,21.29219528430128,6.76950996100931,-8.65337532114498,-37.01741879454217,12.112606021695854
1.6416666666666666,-33.10337261268575,21.15300825298807,6.821223084244088,-6.164780252897821,-33.40488751517126,12.411149576346832
1.6458333333333333,-33.117668560876744,21.03457203036201,6.871026190359524,-3.431027565837906,-28.424693430254237,11.952745467704744
1.65,-33.120345213770086,20.941310522627266,6.915677081627534,-0.6423966944021254,-22.382761856338867,10.716213904322311
1.6541666666666666,-33.11184609878993,20.876262239986755,6.952248936156577,2.0397875952369375,-15.611587833722693,8.777245086970456
1.6583333333333334,-33.093130263929275,20.841043689895653,6.978475219321757,4.491800366557531,-8.452452021864053,6.2943079596427935
1.6625,-33.06551552511167,20.83584082192808,6.992974603939999,6.62753731622504,-1.2486883122181824,3.4798523083780832
1.6666666666666667,-33.03055150380753,20.859408689692074,6.995328374421272,8.391365112993897,5.656288263359406,0.5649049155056949
1.6708333333333334,-32.98993873794039,20.909089266454743,6.9860193599446605,9.74706380811316,11.92333842304042,-2.234163474386869
1.675,-32.94549012981486,20.98087220558346,6.966265660920281,10.667665950128404,17.227905390892094,-4.740887765851073
1.6791666666666667,-32.8991128446597,21.069523977193057,6.937792280944719,11.130548437238343,21.2764251863036,-6.833611194134927
1.6833333333333331,-32.85278100662791,21.168807718126462,6.902585206951243,11.119641127630253,23.828097824019427,-8.44969775843472
1.6875,-32.80847228991652,21.27181147270993,6.862668673631348,10.63409201073345,24.720901100030424,-9.579967996774265
1.6916666666666669,-32.768051812815415,21.37138762792552,6.819935957162519,9.70091450426375,23.898277251740527,-10.255851952518485
1.6958333333333333,-32.733105116245355,21.460677718176814,6.776047481234854,8.387207176814876,21.429621660312332,-10.533234222640248
1.7,-32.70474596203883,21.533666770324505,6.73239265439799,6.806197009566428,17.517372515444897,-10.477158440847385
1.7041666666666666,-32.68344310844139,21.585697572067037,6.690100018496024,5.11268486338567,12.48739241820691,-10.150232616471762
1.7083333333333333,-32.66891258947736,21.613882722814164,6.650076642565501,3.487324551367136,6.764436179311441,-9.605610223325732
1.7125,-32.660108666490174,21.61737176410707,6.613061187316975,2.112941516924146,0.837369910297244,-8.883709259646327
1.7166666666666666,-32.65532510737932,21.59745131747492,6.579682409767663,1.1480541866052403,-4.780907191716625,-8.010906611834898
1.7208333333333334,-32.65239547605795,21.557472914134514,6.550520592031448,0.7031115171292518,-9.594816801696117,-6.998836256691028
1.725,-32.64896139452293,21.50261222880949,6.526167538528759,0.8241795684045912,-13.166564478006865,-5.844732840645597
1.7291666666666667,-32.64276559413792,21.439462058749037,6.507270637725792,1.486992092401925,-15.156040814508795,-4.535256192711914
1.7333333333333334,-32.63192445721522,21.375457019353345,6.494535806339642,2.6018728614479962,-15.36120945496526,-3.0563595326760513
1.7375,-32.61514134030728,21.31813712220955,6.488663888943469,4.027948057905078,-13.75677531451094,-1.4092601750815754
1.7416666666666667,-32.59183385728903,21.274290570588807,6.490210189170349,5.59379592438008,-10.523172388978177,0.3711120544512183
1.7458333333333331,-32.56216327979993,21.249067680673896,6.499383629612138,7.1209385973842885,-6.053493579578972,2.2016257060295716
1.75,-32.52697072382376,21.24520852416188,6.515832061196101,8.446213434281312,-0.9261975628842373,3.9476235801508777
1.7541666666666669,-32.48764006526816,21.2625481633822,6.538481152395082,9.439358053343298,4.161513412876807,5.435781887755212
1.7583333333333333,-32.445918911600764,21.297929500932906,6.565491778215433,10.013076880175618,8.491521012170068,6.482550196884573
1.7625,-32.40373312903467,21.34556575129582,6.594369641408662,10.124587815862505,11.432700087099233,6.930687166374863
1.7666666666666666,-32.3630226856923,21.39778908438777,6.62221440636712,9.77050640216877,12.533599942068507,6.682743590030024
1.7708333333333333,-32.32560866847458,21.446045672719208,6.646057679391667,8.979364132252986,11.581581199544969,5.722385525891361
1.775,-32.29308527345547,21.4819717452902,6.663225026989256,7.805614804586894,8.622257417037845,4.120163423421289
1.7791666666666666,-32.26672651445699,21.498399920079795,6.67166480738744,6.32610215963441,3.942761949502952,2.025547295564259
1.7833333333333334,-32.24740369591534,21.49017772514456,6.670203225031045,4.6374764499964805,-1.973326784456519,-0.3507797655347925
1.7875,-32.23551886556845,21.45471574920621,6.658700169012883,2.8523592832527913,-8.510874225203255,-2.7607334443588725
1.7916666666666667,-32.230966150132346,21.39221721556216,6.638092078985414,1.09265170466529,-14.9996480745728,-4.94594160659263
1.7958333333333334,-32.233134314260134,21.30557541589913,6.610318974717768,-0.5203593906691159,-20.794031919125832,-6.66554502423504
1.8,-32.240959112649406,21.19996200884431,6.578144142704125,-1.8779516134253593,-25.347217693158175,-7.721959683274405
1.8041666666666667,-32.253024377803754,21.082166923344143,6.544885825395798,-2.8956636370435365,-28.270820520039976,-7.981996153998551
1.808333333333333,-32.26769988981528,20.9597843349921,6.514088962353786,-3.5221228827653888,-29.3718212044919,-7.391247130083223
1.8125,-32.28329607949663,20.840358927830717,6.489170099710783,-3.7430855235246967,-28.66209771873144,-5.980527034320375
1.8166666666666669,-32.29821194755523,20.7306043624182,6.47307034477577,-3.579808334064118,-26.34109569900158,-3.8639411844030955
1.8208333333333333,-32.31105275876876,20.635783956402364,6.467951692190125,-3.08179469124713,-22.75689744380246,-1.2284766205547712
1.825,-32.32070021935698,20.5593122460166,6.474970779677385,-2.315390541172641,-18.353210492584317,1.6845809969423502
1.8291666666666664,-32.32633140055692,20.502603193999164,6.494157396739989,-1.3514834879851692,-13.61017248418441,4.604788095025234
1.8333333333333333,-32.327397163998654,20.46515876159524,6.524411127875952,-0.25578322601687525,-8.98666377694196,7.260895472630858
1.8375,-32.32357688484564,20.444861607529734,6.563611899092825,0.9168669967243691,-4.8713169757198385,9.408185092049484
1.8416666666666663,-32.3147234545885,20.4384111977824,6.608824661839445,2.124823261712102,-1.548098339361931,10.851063059189391
1.8458333333333328,-32.300809291654765,20.441828186805942,6.656568600469665,3.3393991040968034,0.8200773656508479,11.458545271252303
1.85,-32.28188540987494,20.450948940377867,6.703116769302959,4.541731627158244,2.188980857261702,11.171560519989908
1.8541666666666667,-32.258066483231275,20.461838036408317,6.744790724339727,5.716542394479254,2.6133830473071478,10.0017492088244
1.8583333333333327,-32.22954812533466,20.471062499818284,6.778217108688152,6.844405895188109,2.213871218393263,8.022332243622573
1.8625,-32.19665006718604,20.47580311102095,6.80052304306222,7.895533955667878,1.13774668864005,5.353424249775873
1.8666666666666667,-32.15987017929808,20.4738224602679,6.80946424660855,8.827173093110364,-0.47535618073226427,2.1458888511192318
1.870833333333333,-32.11993515844462,20.4633480646194,6.803495787427566,9.584405004831615,-2.5138549556403698,-1.432430203436265
1.875,-32.07783948646717,20.44294273224591,6.78180200883121,10.102961274587367,-4.897279769637107,-5.206506863125025
1.8791666666666669,-32.03486582777689,20.41142100309301,6.744300189187881,10.31367808566648,-7.565214996695509,-9.00043671439851
1.8833333333333333,-31.992575474364436,20.367842773893088,6.6916281295424405,10.149684818990474,-10.458775007982153,-12.641294314906526
1.8875,-31.952755053320864,20.31158767292217,6.625122230964672,9.556901050456508,-13.501224233019732,-15.961415658664592
1.8916666666666664,-31.91731313541739,20.242493264493685,6.546788786969505,8.506060296833965,-16.58265802283788,-18.800026558841058
1.8958333333333333,-31.888133912785563,20.16102642419233,6.459266962338821,7.003013431638514,-19.55204167232369,-21.005237911363203
1.9,-31.866903457939188,20.068448355229435,6.365778603576822,5.095309163129986,-22.21873655109541,-22.437206102879735
1.9041666666666663,-31.854922038525565,19.966930124550714,6.270057726417088,2.875540659269568,-24.364375362894428,-22.973010518337517
1.9083333333333328,-31.85291111095206,19.859578893285967,6.176250358869317,0.4826226176410602,-25.764295503538076,-22.513768211463887
1.9125,-31.86082693542658,19.75034545243661,6.088774704836938,-1.8997978738845709,-26.21602580384388,-20.99415696776989
1.9166666666666667,-31.877704354283257,19.64380052120814,6.012135263089897,-4.050580525602371,-25.570783494833712,-18.393466019289868
1.9208333333333327,-31.90156350231576,19.544789043930184,5.950692138965927,-5.726195527801151,-23.762754546710525,-14.746349789753722
1.925,-31.92941167941003,19.45799289604845,5.908393539086633,-6.683562502624577,-20.83107549161535,-10.15166397102994
1.9291666666666667,-31.95736463419813,19.387444598799046,5.888482260106473,-6.708709149144478,-16.931591339856656,-4.778706955238493
1.933333333333333,-31.98089937175876,19.336036838922844,5.893188781848912,-5.648337014550045,-12.337862370289221,1.1295652181854552
1.9375,-31.99523279982308,19.3050741953192,5.923429409464233,-3.440022735437196,-7.431034464875012,7.257750627676595
1.9416666666666669,-31.995797088930715,19.29392096366642,5.978538690075984,-0.1354293858327015,-2.676775596666383,13.226227346819694
1.9458333333333333,-31.97875907529662,19.29980656853845,6.056076682613526,4.089123272183263,1.412545169288331,18.609118209011008
1.95,-31.941514149994585,19.317847491626413,6.151756957263882,8.93878207248807,4.329821541110179,22.96326591608563
1.9541666666666664,-31.883080334706975,19.3413259893279,6.259535228898528,14.024115669026516,5.634839448356993,25.86678519231652
1.9583333333333333,-31.804328614039903,19.362230016147613,6.371880868157383,18.90041296009704,5.016966436731173,26.962953422123885
1.9625,-31.708007494154906,19.37201024701513,6.480228786793862,23.117068772400355,2.3472554082030768,26.00350047275507
1.9666666666666663,-31.598545654943376,19.36246083125116,6.575582895848233,26.270841410767858,-2.291859783352225,22.884986173050187
1.9708333333333328,-31.4816438285633,19.32659708685231,6.649218718894155,28.056438331216807,-8.607298655723381,17.672597531020504
1.975,-31.363696128646403,19.259401242580623,6.693416541165693,28.30744798005385,-16.127002625204106,10.607477345168489
1.9791666666666667,-31.251106472519,19.15834177507387,6.702151640339036,27.021517470576367,-24.25427220162115,2.096423801602335
1.9833333333333327,-31.14957937825985,19.0236283755287,6.671673784602272,24.366502622197537,-32.33121589084262,-7.314685376823665
1.9875,-31.063465344819303,18.858215480195103,6.600920308088667,20.667368025729726,-39.699094880060116,-16.980834363264428
1.9916666666666667,-30.995233592380416,18.66759400546212,6.491723186130728,16.37562058533382,-45.74915393591669,-26.207309269905416
1.995833333333333,-30.94513156605507,18.459414288948256,6.348788650595517,12.02448631808335,-49.96313196333034,-34.30428852845263
2.0,-30.911071742711503,18.242973990820733,6.179444656789691,8.17435760245518,-51.94567155060295,-40.64255851339614
2.004166666666667,-30.88876304531139,18.028594715270764,5.993165914504488,5.35408737602781,-51.45102613199015,-44.70689814844666
2.0083333333333333,-30.87207834188308,17.82691113564975,5.800902257237476,4.004328822794832,-48.40405910904641,-46.1432777440855
2.0125,-30.85362370943932,17.64811048180743,5.614257693905904,4.429111786501274,-42.912156922154594,-44.79469519957502
2.0166666666666666,-30.825452980429347,17.501181917927045,5.444591464211963,6.7609749623944575,-35.26285533129398,-40.71989512654807
2.020833333333333,-30.77985547477242,17.393252842257073,5.302130016493606,10.9434013576635,-25.902978160794753,-34.190747452407734
2.025,-30.71013722130794,17.329091325031307,5.195182714337688,16.732380831474266,-15.398764134183212,-25.667352517419037
2.029166666666667,-30.61131745382933,17.310833759862696,5.129542527106236,23.71674419486591,-4.381815640466367,-15.753644935547653
2.033333333333333,-30.480672831797804,17.337957658689007,5.108128467847445,31.35470928756697,6.509735718314944,-5.139374222110086
2.0375,-30.31807890799545,17.407477234107546,5.130893811118091,39.02254171256322,16.684698100448564,5.463682384954835
2.0416666666666665,-30.12611710537773,17.51431134679584,5.194990303044389,46.07083262825518,25.640187045191887,15.383158062312411
2.0458333333333334,-29.909932873735197,17.65176486178085,5.295151790456269,51.88421559420616,32.98884359640119,24.03875697884993
2.05,-29.676847495739853,17.812069628870336,5.424244847612044,55.94049071888497,38.47314410147865,30.982333717387633
2.0541666666666667,-29.43574569713932,17.98694179215431,5.573926047325,57.86443166412564,41.969319188152,35.92348793110779
2.058333333333333,-29.196287625305896,18.168119146384853,5.7353399492433,57.46993724002451,43.48256501533248,38.739336460394114
2.0625,-28.96802537732144,18.347840848457523,5.8997876730437575,54.78293951626609,43.133208497438446,39.46745371210791
2.066666666666667,-28.759529514040327,18.519229843434445,6.059298637231919,50.039007187465145,41.133358794459355,38.28263140515682
2.0708333333333333,-28.57763574050235,18.67654901901673,6.207053461099326,43.65450564911746,37.75660213975031,35.46115772817973
2.075,-28.42690228907387,18.81532404947926,6.33763251665702,36.17602834283323,33.30600731100537,31.338973333844894
2.0791666666666666,-28.30933177735197,18.932345042568603,6.447094070613011,28.216922813256996,28.085038341444207,26.270772949439518
2.083333333333333,-28.22436925377358,19.02556890993993,6.5329107289734125,20.391005658814855,22.373728169120987,20.59599800649746
2.0875,-28.169152721316188,19.093950106131004,6.5938085393248045,13.251967789773767,16.41148708585579,14.615474484333346
2.091666666666667,-28.138968793395367,19.1372327914078,6.6295574023673325,7.2441427009965,10.387844466429835,8.579727130206294
2.095833333333333,-28.12784999263174,19.155739935445528,6.640755292810652,2.668512183270347,4.441714569055616,2.6874937063967614
2.1,-28.129238586623817,19.1501919375384,6.628636066826801,-0.3332625580980964,-1.331519497710976,-2.908614236123978
2.1041666666666665,-28.13663893233543,19.121579482834164,6.594915207202874,-1.7760829707871595,-6.86698912901658,-8.093006309743023
2.1083333333333334,-28.14418733097511,19.071102815330075,6.541673119274415,-1.8116156735233866,-12.114400200980777,-12.77810110282957
2.1125,-28.147080820431693,19.000172040188207,6.471266029015451,-0.6944374695797646,-17.023386034049224,-16.89770166215215
2.1166666666666667,-28.141823819690902,18.91044358045789,6.386252904646163,1.2616801777888835,-21.534830335275,-20.403149848628154
2.120833333333333,-28.12627750412396,18.80385420173737,6.289330203975996,3.731115736067564,-25.581450892926544,-23.261448160841496
2.125,-28.09952845292567,18.682613859733127,6.1832693868544135,6.419772287588579,-29.097682081016647,-25.454596109178468
2.129166666666667,-28.06162164739066,18.54913472987857,6.070853547085073,9.097633328402539,-32.034991165091185,-26.979801544640416
2.1333333333333333,-28.01321980857232,18.40590062993303,5.954810502370173,11.616441316402963,-34.37618398693271,-27.850330731577507
2.1375,-27.955251308187545,18.255305655480942,5.837739955771401,13.91244009234514,-36.14279386849906,-28.096931183703997
2.1416666666666666,-27.888595183855365,18.099501120413187,5.722031663102565,15.997469839723294,-37.39308841626339,-27.769990240522105
2.145833333333333,-27.81383580589808,17.940284333970695,5.609773310268288,17.942250709749484,-38.21202874620032,-26.942004680228035
2.15,-27.73111027378028,17.779049406787042,5.502654210987414,19.85412770827069,-38.69638252407476,-25.708583827408518
2.154166666666667,-27.64006362908355,17.61680620390913,5.401880054285313,21.851194727214583,-38.9383686906965,-24.185797608502927
2.158333333333333,-27.53991249092485,17.454258584318723,5.308116257589203,24.036273158088708,-39.011428701700424,-22.503311207067682
2.1625,-27.429601961960472,17.291916229117895,5.221470202932178,26.474526951449878,-38.96216524819669,-20.795053117685104
2.1666666666666665,-27.308033310509227,17.13020253495192,5.141512059621141,29.176476348300422,-38.81128659983624,-19.189954394649813
2.1708333333333334,-27.17433778038587,16.969523870607937,5.0673280016626725,32.08692722960432,-38.56287944255406,-17.80417391003166
2.175,-27.028164892122764,16.810283192531738,4.997600947463203,35.081493183147366,-38.21776273828978,-16.734493007873567
2.1791666666666667,-26.86994191985949,16.652844195732797,4.930719713610446,37.97351334318317,-37.785359231743996,-16.05149612466091
2.183333333333333,-26.701055284184985,16.497471621102,4.864922591109773,40.532792561884065,-37.28941791139319,-15.791309400162534
2.1875,-26.523912477639666,16.344284438851886,4.798480564328591,42.514273570875375,-36.76492374002566,-15.9460864274829
2.191666666666667,-26.34186298117917,16.19325835801058,4.729915477654058,43.691879150516215,-36.246259401911416,-16.455620801887072
2.1958333333333333,-26.158979731086987,16.04429907129631,4.658230632970158,43.89198002212617,-35.750228811426766,-17.20436272413698
2.2,-25.97972141203441,15.89737878298635,4.583112707415185,43.0219965726151,-35.260869194389194,-18.028302133192568
2.2041666666666666,-25.80850814018761,15.752698075600552,4.505055656043976,41.09118524323498,-34.7233697725933,-18.7336923290912
2.208333333333333,-25.64925201347604,15.610821341890402,4.425367273122841,38.2214704107803,-34.050416090438006,-19.125211901073435
2.2125,-25.50489402171157,15.472743152896852,4.346044604778419,34.645918023469996,-33.138765358450314,-19.037440402660312
2.216666666666667,-25.37700945934475,15.339863234350618,4.269534077750655,30.692294968035192,-31.891180451094506,-18.362526486662542
2.220833333333333,-25.265546465303693,15.213866612538675,4.198415563621218,26.75111856985562,-30.23918923486805,-17.06844339106586
2.225,-25.168746630140923,15.096523151888231,4.135062411814057,23.231960439063624,-28.16243055610473,-15.204756433717844
2.2291666666666665,-25.08326372406021,14.98944038441692,4.081331766701562,20.515897459372383,-25.69986419311665,-12.895354826999489
2.2333333333333334,-25.00446056427329,14.893819422757709,4.038332847446317,18.91275834885951,-22.94903079820997,-10.319740621258317
2.2375,-24.92683938190125,14.81026539355734,4.006307211366726,18.62908376929105,-20.052967008089414,-7.686152659102216
2.2416666666666667,-24.844549643545403,14.738687215790709,3.984635389318919,19.74953720540229,-17.178762663990877,-5.201237291473565
2.245833333333333,-24.751911795322687,14.678294091555768,3.971960804512086,22.233083573452873,-14.494349816386432,-3.0419003536400475
2.25,-24.64389291987121,14.6276726098927,3.966400609375644,25.924530108353412,-12.14915559913532,-1.3344468327460437
2.254166666666667,-24.51647492151194,14.584919969022092,3.965800785588889,30.58031960622334,-10.260633808945473,-0.1439577088210981
2.2583333333333333,-24.366870952386304,14.547813361136136,3.967990953916026,35.9049525901546,-8.905585892630024,0.5256403985128643
2.2625,-24.193571860097588,14.514000670180966,3.9709992437936648,41.591782149289635,-8.115045829240325,0.7219895706332476
2.2666666666666666,-23.996239880255374,14.48119464323644,3.973196843709937,47.3596751621342,-7.873446466687021,0.5274239799054159
2.270833333333333,-23.77550409373536,14.44734572437862,3.9733562868708994,52.97658876480614,-8.123740525877032,0.03826635863092282
2.275,-23.532736929710573,14.410768055442723,3.970626454331232,58.264119365946044,-8.778640544614678,-0.6551598095201456
2.279166666666667,-23.26988873829226,14.370203781224792,3.964445684334544,63.08356594039223,-9.735425812302706,-1.4833847992050027
2.283333333333333,-22.989423656761343,14.324830146712484,3.954426632400202,67.31161956742297,-10.88967228295521,-2.4045724642420954
2.2875,-22.694347627879925,14.274234025730026,3.9402498798430505,70.81824693153766,-12.143069035788976,-3.402420613716339
2.2916666666666665,-22.388274105116167,14.218388556971606,3.9215967628948154,73.45764546330591,-13.402912502021616,-4.4767480675768985
2.2958333333333334,-22.075454625188488,14.157659245060596,3.8981364575961366,75.07667518263925,-14.575034858641502,-5.6304732716824235
2.3,-21.760712421008137,14.09284515433944,3.8695636475794,75.53812900328867,-15.555381773078128,-6.857474404017231
2.3041666666666667,-21.44924894816307,14.025235981578614,3.835669296394361,74.75123348281213,-16.226201462597675,-8.134644284408829
2.308333333333333,-21.1463352978556,13.956650821625525,3.796422207638434,72.69927607379701,-16.460438388742855,-9.419301301422928
2.3125,-20.856940558446453,13.889426471402366,3.752041068145537,69.45473745819181,-16.133844053556793,-10.65147347829502
2.316666666666667,-20.58537209886905,13.826337579229374,3.703041476847258,65.17643029857243,-15.141334121517318,-11.759901911586274
2.3208333333333333,-20.334998331511148,13.770446151355287,3.650247872029205,60.08970416590103,-13.413942689781686,-12.670465156333401
2.325,-20.108096354972712,13.724887195075496,3.5947654780643385,54.45647436922186,-10.934149507149325,-13.315774551567307
2.3291666666666666,-19.90583058778958,13.692602517511046,3.5379117355549337,48.543784123954396,-7.7483226154683535,-13.64489820225795
2.333333333333333,-19.72833983737585,13.676040820912997,3.4811111377862427,42.59778009929804,-3.974807183532589,-13.632143464486603
2.3375,-19.574894930045968,13.676852568277416,3.4257644963205864,36.82677775916959,0.19481936746074266,-13.283193951756843
2.341666666666667,-19.444083921495817,13.69562114840356,3.373112532688088,31.394642052034527,4.504459230274794,-12.636471271799056
2.345833333333333,-19.33398439150216,13.731679901073502,3.3241184086344098,26.423887198480227,8.654100640786377,-11.758589772883383
2.35,-19.24229429589524,13.783058733140573,3.279390013540617,22.00562294565917,12.330919696095988,-10.73481482250976
2.3541666666666665,-19.166413228932228,13.846582156081528,3.2391531584779907,18.21145607112346,15.245621505830528,-9.656845215030836
2.3583333333333334,-19.10348556424447,13.918109531740368,3.203277273601302,15.102639525061464,17.166570158120464,-8.610212370404858
2.3625,-19.05042609164276,13.992880611788449,3.1713484319662424,12.734273424411112,17.945059211540293,-7.66292199241474
2.3666666666666667,-19.003945742034848,14.06591557319523,3.142778410772628,11.155283905898173,17.52839073762713,-6.856805086467169
2.370833333333333,-18.96058568742301,14.132420016544351,3.1169307377654123,10.40641310684182,15.96106640378997,-6.203441521732064
2.375,-18.91676139412568,14.188154915829031,3.0932378858714484,10.517830391357894,13.376375828322482,-5.6862844545510445
2.379166666666667,-18.868819433927037,14.229743307136722,3.071284469232414,11.506070447675253,9.981213913845368,-5.268819993367964
2.3833333333333333,-18.81311512769759,14.254899603268536,3.050842689758356,13.36903349506732,6.037511071635523,-4.9060270737742275
2.3875,-18.74612004535653,14.262582730673854,3.0318633384527742,16.078819761852454,1.8439505772763247,-4.555044313339409
2.3916666666666666,-18.664563200172694,14.253081997189144,3.0144383604602645,19.573642844122762,-2.2801760363301913,-4.181994718202578
2.395833333333333,-18.565603235130773,14.228037321503638,2.9987529907441397,23.75039161006235,-6.010722164522009,-3.7644887318702667
2.4,-18.4470233807446,14.190380068695529,2.985038789912269,28.459165052680937,-9.037740673946336,-3.2914081996486426
2.404166666666667,-18.307434732180297,14.14417394195262,2.973530508176132,33.501275655430085,-11.089470418296814,-2.7619876166727813
2.408333333333333,-18.146465739150173,14.09434716047796,2.9644254411500026,38.63255832723204,-11.958427553919192,-2.1852160862711933
2.4125,-17.964908982990796,14.046332436159346,2.9578457603342923,43.573621478248405,-11.523533836466834,-1.579123395770409
2.4166666666666665,-17.76479412091494,14.005655659665663,2.953809842222753,48.02756689820842,-9.76242635848449,-0.968620346769475
2.4208333333333334,-17.54936151038241,13.9775252569258,2.9522226304384915,51.703826527804026,-6.751296657566945,-0.380930828222733
2.425,-17.32292437125368,13.966468791618334,2.952893295288675,54.34491339089842,-2.6535516737918474,0.1609595640440012
2.4291666666666667,-17.09062373256435,13.97604667434778,2.955580793787634,55.752153285436705,2.2986918550671755,0.6449996397502068
2.433333333333333,-16.858093505014537,14.008652352709449,2.960057938491396,55.80725461195816,7.825362806800645,1.0745147289029233
2.4375,-16.631060853281745,14.065392031318012,2.966177111963416,54.487836415867285,13.617522866054548,1.4686016332846898
2.441666666666667,-16.414914704514754,14.146031430774876,2.973919255832749,51.87507570407545,19.35345586964633,1.858114528639888
2.4458333333333333,-16.21428719074822,14.249001620035298,2.983412301395696,48.15060330397092,24.71284542250258,2.278330935107343
2.45,-16.032702530354424,14.371462672422169,2.9949132659010083,43.58031849450878,29.39065257284763,2.7602314812748268
2.4541666666666666,-15.87234289928549,14.50942735801593,3.008756870368414,38.486311456546275,33.11152454250465,3.3224650721776183
2.458333333333333,-15.733959564362433,14.657947718123737,3.02528059609331,33.2120003815361,35.64488642587509,3.965694173975164
2.4625,-15.616931009525446,14.811365583263912,3.044740667409783,28.086853160874934,36.820287633640746,4.670417115953336
2.466666666666667,-15.519447535746444,14.96362272066164,3.067235462073782,23.396033706959372,36.54171297545321,5.398750719359507
2.470833333333333,-15.438785749494958,15.108619043157974,3.0926520200777863,19.358828700357797,34.79911739912181,6.099973920961359
2.475,-15.37162699198581,15.24060228945857,3.120646984725349,16.118101802194694,31.675979112141437,6.718791515414843
2.4791666666666665,-15.31437309014932,15.35456967046586,3.15066551961072,13.740936440758205,27.352171441750805,7.204448372489286
2.4833333333333334,-15.263421219137062,15.446655224191767,3.1819924737240624,12.228449042941595,22.100532894217405,7.518468987201831
2.4875,-15.21537544339747,15.514462335352992,3.21382310786884,11.530986177502685,16.27370667869478,7.639352194747112
2.4916666666666667,-15.16719254034624,15.557285791053722,3.24533914342651,11.563896732294403,10.277629368174445,7.563848533840428
2.495833333333333,-15.11627772490152,15.576166088893013,3.275779404812832,12.219555706733571,4.531271481429515,7.305662732717575
2.5,-15.060554180824916,15.573739115884576,3.304499685574432,13.37365057838402,-0.5824735220242582,6.892867382783669
2.504166666666667,-14.998525775481475,15.55388170416622,3.331020329411541,14.886817282425367,-4.7657788124054905,6.364954520905858
2.5083333333333333,-14.92933826822628,15.521195726562503,3.355060631104194,16.605001741247868,-7.844634624892299,5.769672406237135
2.5125,-14.852827865109894,15.480409877891384,3.376556987700055,18.362496747931598,-9.788603681068448,5.159125583006335
2.5166666666666666,-14.769535459565905,15.435799855148304,3.395659485004725,19.990177330559078,-10.706405458339573,4.584599353121075
2.520833333333333,-14.68066544117045,15.390725793967114,3.4127028109590487,21.328804414909758,-10.817774683486096,4.090398229037914
2.525,-14.587978192064645,15.347359980249465,3.4281533987703217,22.244939785392322,-10.407795292235756,3.7081410747053245
2.529166666666667,-14.49362002737594,15.306638428015887,3.442542911932826,22.64595952528766,-9.773172536057697,3.453483159000902
2.533333333333333,-14.399908630532408,15.26842930948504,3.4564041801070657,22.49073524244963,-9.170188447403925,3.3267043618176944
2.5375,-14.30910294524401,15.231874919906264,3.4702267216333227,21.793364469214023,-8.773053498906041,3.3174099663015024
2.5416666666666665,-14.223191243657473,15.195833237440928,3.48444415848374,20.618808380770624,-8.650003791680868,3.4121848441002975
2.5458333333333334,-14.143727435595302,15.159325602430329,3.4994555727125967,19.071313934919562,-8.76183240254334,3.6027394149254715
2.55,-14.07173409782586,15.121897955612306,3.51567062315475,17.27840106466742,-8.982635236325875,3.8916121061170452
2.5541666666666667,-14.007674884363055,15.083829254434894,3.5335596818730077,15.374211231072028,-9.136488282578455,4.293374092381512
2.558333333333333,-13.95148511480896,15.04616598536715,3.5536887195324263,13.485544692983552,-9.039184576259148,4.83096903826083
2.5625,-13.902644228331852,15.010610213372036,3.576723855652752,11.721812754505535,-8.533385278826843,5.528432668877921
2.566666666666667,-13.860278554818503,14.979321425589148,3.603400044831385,10.167761643203113,-7.509309067892697,6.402285402871471
2.5708333333333333,-13.823289746274522,14.954696497315036,3.6344580113136646,8.877314050555974,-5.909982785787003,7.453911955747647
2.575,-13.790504569682913,14.939168271642384,3.6705586689116,7.8684423819862905,-3.7267741614362673,8.664157823504079
2.5791666666666666,-13.760834112405131,14.9350284002285,3.712184391672156,7.12090974666706,-0.9935691393325495,9.990173462534031
2.583333333333333,-13.73341928783547,14.944258577602584,3.759535908494502,6.579557896719398,2.215242569780271,11.364364037363622
2.5875,-13.707731495281728,14.968360008802804,3.812436362853373,6.165070212898036,5.784343488052169,12.696109046128443
2.591666666666667,-13.683598894427536,15.008194272969716,3.870259677023938,5.791824205006005,9.560223400058682,13.877595400934927
2.595833333333333,-13.661142637137164,15.063864844764783,3.931903945841621,5.389501749689196,13.360937230816937,14.794624516244768
2.6,-13.640628725733675,15.13466201146757,3.995826977879521,4.923338736836666,16.99132000866812,15.341527689095091
2.6041666666666665,-13.622260011193491,15.219072685095687,4.060148910425306,4.408491489644428,20.258561670749216,15.437263810989304
2.6083333333333334,-13.605942281164513,15.314839852405822,4.1228098542773175,3.9162552069550753,22.984120154431047,15.038626524482089
2.6125,-13.591059766046447,15.41905355461972,4.18175587215035,3.5718036283359464,25.01128853133679,14.147044289528617
2.6166666666666667,-13.576294786637854,15.528260781521809,4.235120383411728,3.543595058062118,26.209734456500204,12.807482702729944
2.620833333333333,-13.559525818999768,15.638587671841796,4.281371846816301,4.024552233140868,26.478453676798438,11.100351217098199
2.625,-13.537832599837706,15.745873962377456,4.319409451855689,5.206372598894571,25.74870972855706,9.129025209452777
2.629166666666667,-13.507620748391368,15.845827962397856,4.348601819010584,7.250844347120941,23.988960004895233,7.006168117174461
2.6333333333333333,-13.464856214920644,15.934213208390016,4.368774659261681,10.263488032974251,21.212459038119317,4.8414816602635025
2.6375,-13.405383755208454,16.007066881899583,4.380159497221996,14.273390330924798,17.484881642295118,2.732361110475458
2.6416666666666666,-13.325300226393836,16.060930023758146,4.383318237847695,19.2200469155092,12.927154046056042,0.7580977501676931
2.645833333333333,-13.221355669329014,16.093057171231816,4.379060140210103,24.94669369555893,7.710515393681175,-1.0219434330220039
2.65,-13.091350719045622,16.101579817537367,4.368368737418036,31.201188068012737,2.0454351133320308,-2.5659366700959088
2.654166666666667,-12.934486965440248,16.08561967083688,4.3523540905877285,37.64730086528769,-3.830435208116492,-3.843515239273665
2.658333333333333,-12.751618314680192,16.045367114508107,4.332238105033005,43.88847618241606,-9.660613518906283,-4.827836533133966
2.6625,-12.545354568532025,15.982140570005368,4.309366983738451,49.50329907555807,-15.174370680656422,-5.489069110692538
2.6666666666666665,-12.319984056383491,15.89842131219387,4.285229151697532,54.08892291565062,-20.092621874760827,-5.793079689820973
2.6708333333333334,-12.081208500861472,15.797832174508466,4.261448041355186,57.3061333252815,-24.141393044495707,-5.707466482162857
2.675,-11.835716089358291,15.68501848873512,4.239725175420899,58.91817876076666,-27.075284585604724,-5.213487824229061
2.6791666666666667,-11.59064850176322,15.56540349985311,4.221729231547315,58.81622102281432,-28.70759733168085,-4.319026529659878
2.683333333333333,-11.353034238432476,15.444821759324975,4.2089501151441135,57.02742319938193,-28.939617726753905,-3.066987936768616
2.6875,-11.129259468745763,15.3290691567445,4.202550726828309,53.70594472480849,-27.7806246193126,-1.5358531957929902
2.691666666666667,-10.92463164237282,15.223431938452585,4.2032488942206125,49.110678329504054,-25.35293239005897,0.1675601741528171
2.6958333333333333,-10.743068321178782,15.132259571307957,4.211252894386368,43.57519708657143,-21.881368114711925,1.9209600397813302
2.7,-10.586922339442191,15.0586319147602,4.226262042497174,37.47503561677958,-17.670637571460308,3.6021955465933417
2.7041666666666666,-10.45693849354046,15.004152057885388,4.247531014324328,31.19612301641744,-13.075165649955554,5.104553238517233
2.708333333333333,-10.352326761115965,14.96887818610815,4.273984807742545,25.10681578188099,-8.46572922653783,6.348910420372539
2.7125,-10.270932237589324,14.951389576397508,4.304364109585929,19.53468564639226,-4.197266330553693,7.291032442411797
2.716666666666667,-10.209481958970226,14.948964449721958,4.337379318407639,14.748066868582844,-0.5820304021321187,7.923650117209991
2.720833333333333,-10.163890532970605,14.957836514713886,4.371852899714484,10.941942239909732,2.1292955980629604,8.273659513643183
2.725,-10.129605638984556,14.97349585909154,4.406832189555381,8.228374556650966,3.758242650636942,8.395029561814846
2.7291666666666665,-10.101969821874084,14.991006087717269,4.441658930606637,6.632596106514036,4.202454870174489,8.35841785230206
2.7333333333333334,-10.076569824891823,15.005318585926634,4.475988419816978,6.095999275741785,3.4349995702480096,8.23907741048126
2.7375,-10.049542510416186,15.0115726326776,4.509759082932442,6.486555474153675,1.5009712202319179,8.104959147711915
2.7416666666666667,-10.01780801714026,15.005374434664846,4.543120737108658,7.616278386221656,-1.4875675230609147,8.00679700229135
2.745833333333333,-9.979205459614096,14.983048466393258,4.576335371590823,9.264613806280082,-5.358232385181359,7.971512275720185
2.75,-9.932514502156671,14.941851987888288,4.609667100933394,11.205829789781074,-9.887154841192332,7.99961504221659
2.754166666666667,-9.877359805771402,14.880140084089197,4.643277609851945,13.237127132464417,-14.810856911781203,8.066522140451891
2.7583333333333333,-9.814015687644511,14.79746585962262,4.677140413987487,15.202588350454544,-19.841813871979344,8.12707299253038
2.7625,-9.74315009037398,14.694600410559476,4.710983209649989,17.007743344926645,-24.68770777515322,8.122270959000085
2.7666666666666666,-9.665559947911662,14.57346109886925,4.744263937082384,18.62163419095743,-29.073434805656095,7.987374583775405
2.770833333333333,-9.581948049573535,14.436944668716905,4.77618301065318,20.06685560115159,-32.76394323656534,7.6605776569914585
2.775,-9.492777566899845,14.28867389007294,4.805731202268587,21.400915841684665,-35.58498687454951,7.091565987697382
2.779166666666667,-9.398222225599364,14.132681930460372,4.831770461667774,22.693281912114294,-37.438070307014314,6.249422255804449
2.783333333333333,-9.29821284432774,13.973073361376397,4.85314337570228,24.00225150519114,-38.30605658015661,5.129499368281792
2.7875,-9.192565340527056,13.813707196045163,4.868803786498915,25.355400912162498,-38.24787967949328,3.7584985911920916
2.7916666666666665,-9.081161170214642,13.657940390893687,4.877954438964821,26.73700087498115,-37.38403323635679,2.196156591817609
2.7958333333333334,-8.964140663781423,13.5084521637234,4.880169475241917,28.084921543971173,-35.87717452086728,0.5316087065031374
2.8,-8.84206589958625,13.367149005886274,4.875475718393471,29.297943406843064,-33.912757880912004,-1.1265016436272575
2.8041666666666667,-8.716014299881117,13.235135937444714,4.86437149583811,30.252383929230632,-31.68313642597296,-2.6650134132863554
2.808333333333333,-8.587577228539528,13.112735702468347,4.84777467250006,30.824897121983003,-29.37605639432956,-3.98323760113223
2.8125,-8.45875786664673,12.99954441982845,4.826907502015732,30.91664685427008,-27.16590783357411,-5.008120916238674
2.816666666666667,-8.331784820174674,12.894524686283116,4.803139241387258,30.47353115329192,-25.204736050878747,-5.704382550833459
2.8208333333333333,-8.208875240386895,12.796145306156491,4.77781523766469,29.498299149068544,-23.611051230390878,-6.077760893416543
2.825,-8.091988989055503,12.702573087737669,4.752103297485995,28.05270031953273,-22.457332420517155,-6.170865642886531
2.8291666666666666,-7.98261487542033,12.61190862908985,4.726885464128345,26.249787272443044,-21.759470075477296,-6.052280005836354
2.833333333333333,-7.881624452015048,12.52244398053088,4.702715773928537,24.237701617269025,-21.47151565415436,-5.800725647954269
2.8375,-7.789217881715343,12.43291323343073,4.679851821468464,22.177576871928046,-21.48737930403463,-5.4873485904171675
2.841666666666667,-7.704969573285376,12.342708577087413,4.65835202813805,20.21959402319118,-21.649117522395105,-5.159950399299148
2.845833333333333,-7.627963344558208,12.252039659922335,4.63821595963268,18.48149489452132,-21.760540119619762,-4.832656441289122
2.85,-7.55699355137189,12.162017295520752,4.619536026986184,17.032750364715532,-21.605367456378623,-4.483183835158745
2.8541666666666665,-7.490800660863525,12.074641804655275,4.602626905701896,15.886293722008467,-20.97011780771544,-4.05818910822946
2.8583333333333334,-7.4283045479716145,11.992676433896849,4.588103785333553,14.999067094057743,-19.671688982022335,-3.485548888402019
2.8625,-7.368795844601819,11.919395065693337,4.576891521014452,14.28208880875171,-17.58752836884341,-2.6909434365844582
2.8666666666666667,-7.312048523157019,11.85821374319901,4.570161977645825,13.619357146751375,-14.683517398637898,-1.615090408470285
2.870833333333333,-7.258329807239331,11.812241499110788,4.569212098978316,12.89249182024579,-11.033338581174009,-0.227970880202348
2.875,-7.208305540941606,11.78380705893826,4.575305690634748,12.005823911453362,-6.824265641406074,1.4624619975436541
2.879166666666667,-7.162862250508462,11.7740273013931,4.589505217458962,10.906389703954202,-2.3471418108384765,3.4078864378112153
2.8833333333333333,-7.122881798830925,11.782480701380118,4.6125172225001885,9.595308402609225,2.0288159968846475,5.522881209894693
2.8875,-7.089007383567048,11.807036652187756,4.644569428851285,8.129859663330187,5.893428193832468,7.692529524262754
2.8916666666666666,-7.061434274186954,11.8438712828191,4.685332187728922,6.617546251222869,8.840311351523345,9.78306213063347
2.895833333333333,-7.039750675106421,11.887674767229894,4.733893053373458,5.2040637793282345,10.512836258591307,11.654607754689247
2.9,-7.0228475641069625,11.932029523972655,4.788790220177546,4.056746639869869,10.64514161826214,13.175320032980535
2.904166666666667,-7.008912927522806,11.96991917414021,4.848106374043685,3.3443127801974737,9.093516040212792,14.235876927872726
2.908333333333333,-6.9955226853987735,11.994316326475248,4.909617545121847,3.2136581097679033,5.855316560409327,14.762681058759654
2.9125,-6.979832480110565,11.998791047481292,4.970982535702645,3.7656492691699386,1.0739330414505763,14.727597739390795
2.9166666666666665,-6.95886042523852,11.978081414687722,5.029950801797422,5.033293169290902,-4.970311870457207,14.15238386274718
2.9208333333333334,-6.9298348962794245,11.928574492246664,5.084563143266982,6.966126950182678,-11.881661385853283,13.106961952693924
2.925,-6.8905663125733065,11.84865776169538,5.133320031416145,9.424460089468848,-19.180015332309306,11.701653155799601
2.9291666666666667,-6.8397888413985095,11.738911924581698,5.17529563408383,12.186593081950681,-26.339000907282294,10.074144640243997
2.933333333333333,-6.7774116215762445,11.60212373321451,5.210181851052775,14.970532757344442,-32.82916592812699,8.37269207254733
2.9375,-6.704625610862872,11.443105171412505,5.238256506857336,17.46864257120846,-38.16445483247984,6.737917393094313
2.941666666666667,-6.623832645346446,11.268318217499958,5.2602817611897805,19.390311723941412,-41.94886893900862,5.28606103978634
2.9458333333333333,-6.538393553417674,11.085325567083924,5.277349703047375,20.50538206290649,-43.91823609985075,4.096306045822919
