time,yaw,pitch,roll
0.2416666666666666,-22.19559249584166,10.522778374161627,1.044384010019626
0.2458333333333333,-21.15612993723106,11.995424842229761,1.5005327385111262
0.25,-20.146287398873277,13.428392697291764,1.9450424492656775
0.2541666666666666,-19.194919120840193,14.785180949608025,2.366911887964466
0.2583333333333333,-18.32742099282866,16.033630187030255,2.7564303368959755
0.2625,-17.56439954976194,17.147531596213277,3.105659070581324
0.2666666666666666,-16.920773072853265,18.107728921633242,3.4087717330150897
0.2708333333333333,-16.405342809962555,18.902680179898326,3.662235495839965
0.275,-16.020819634642255,19.52850078382418,3.8648308041647654
0.2791666666666667,-15.764249844547539,19.98854687275846,4.017521087306839
0.2833333333333333,-15.627756638766684,20.29261941580069,4.123194305472368
0.2875,-15.599501269589016,20.455880910240747,4.186305622287049
0.2916666666666667,-15.664767502624985,20.49758149878897,4.212455058729989
0.2958333333333333,-15.80708121447838,20.439691510362316,4.207936024615664
0.3,-16.0092897097603,20.30553262457909,4.179290263158453
0.3041666666666666,-16.254539466697103,20.118490290479418,4.132901657600817
0.3083333333333333,-16.527105317491646,19.900876632212963,4.0746552913369385
0.3125,-16.813038906507018,19.672996791376313,4.009679766492774
0.3166666666666666,-17.100619914626343,19.45245281250638,3.9421814358138674
0.3208333333333333,-17.380608992617635,19.253697981238847,3.8753700494934344
0.325,-17.64631482271074,19.08783245940425,3.811467081175211
0.3291666666666666,-17.893498019488707,18.96261127358929,3.7517815514122166
0.3333333333333333,-18.120141532905663,18.88262198467842,3.6968345577555484
0.3375,-18.32612110879608,18.849584581577876,3.646513295440529
0.3416666666666667,-18.51281065345343,18.862730306188592,3.600237408743866
0.3458333333333333,-18.682656714050882,18.919225422270266,3.557123879241857
0.35,-18.838754005225397,19.01461514976025,3.516140211755761
0.3541666666666667,-18.98444968289131,19.143269081631793,3.4762386239120935
0.3583333333333333,-19.12299816570902,19.29881246664522,3.436466191954809
0.3625,-19.257282145008507,19.47452939491151,3.3960480129048163
0.3666666666666666,-19.389610149238116,19.663725947346634,3.3544428239812256
0.3708333333333333,-19.52159613768566,19.86004460652071,3.3113728703566094
0.375,-19.654120679814657,20.057724728319087,3.2668314496657884
0.3791666666666666,-19.78736603006918,20.25180597965688,3.2210721136994716
0.3833333333333333,-19.920910574271364,20.43827204111906,3.1745831362205053
0.3875,-20.05386401514123,20.61413189083988,3.1280499856067965
0.3916666666666666,-20.185023832313483,20.77743743620646,3.082307707872969
0.3958333333333333,-20.313034815891104,20.927240240046476,3.0382850413298605
0.4,-20.436536209819852,21.063495810780392,2.9969431547809195
0.4041666666666667,-20.554285766940332,21.186928554489974,2.9592134335423745
0.4083333333333333,-20.66525648274319,21.298871328458592,2.9259394012351176
0.4125,-20.768707684662395,21.4010907323186,2.897827170684331
0.4166666666666667,-20.86423516536686,21.495605687863392,2.87540739472261
0.4208333333333333,-20.95180476597057,21.584505161647773,2.8590102061888745
0.425,-21.03177151804599,21.669771413262186,2.848753266399366
0.4291666666666666,-21.104883550838917,21.753116720528265,2.8445418451704696
0.4333333333333333,-21.17226756252761,21.835842921805412,2.846079002366796
0.4375,-21.23539217402222,21.9187331762088,2.8528834006688384
0.4416666666666666,-21.296008048611725,22.001983295111426,2.8643117154200732
0.4458333333333333,-21.356068219121262,22.0851763543678,2.8795820172846933
0.45,-21.417635736832832,22.167300235429984,2.897794783031721
0.4541666666666666,-21.48278667992156,22.24680382162731,2.9179503352885847
0.4583333333333333,-21.553515277125285,22.321684327845297,2.938965057927968
0.4625,-21.631645890515877,22.389597053514674,2.9596915888803923
0.4666666666666667,-21.7187545894289,22.447980869594947,2.9789484567283657
0.4708333333333333,-21.816101221272618,22.49419741630763,2.995562332638574
0.475,-21.924572013802962,22.525686680178485,3.008422823627246
0.4791666666666667,-22.044633816997635,22.54014263599536,3.0165468641668136
0.4833333333333333,-22.17630356048516,22.53570803596659,3.019147374830217
0.4875,-22.319138173019024,22.511179438255535,3.01569881899298
0.4916666666666666,-22.472249478515735,22.46620666504664,3.0059912936480884
0.4958333333333333,-22.634345837474896,22.401467386765468,2.9901657064048086
0.5,-22.80379885867438,22.318796652918344,2.968725243488476
0.5041666666666667,-22.97873025624679,22.221251947587543,2.942521601687932
0.5083333333333333,-23.157111542832123,22.11309737026365,2.912717327163142
0.5125,-23.336868425142786,21.99969664014953,2.880727703422018
0.5166666666666667,-23.51598233661789,21.887313075170265,2.8481470317300066
0.5208333333333334,-23.692582391341073,21.782823716469245,2.8166650662060544
0.525,-23.86502169162166,21.69336299158103,2.7879798965933498
0.5291666666666667,-24.03193326663338,21.62591848229956,2.763713508358489
0.5333333333333333,-24.192263802943028,21.586907619110733,2.745335235600285
0.5375,-24.345287041009776,21.58176864297629,2.734096215073567
0.5416666666666666,-24.4906015283542,21.61460036695444,2.73097522472423
0.5458333333333333,-24.62811815543156,21.68788260620743,2.7366342071567593
0.55,-24.758041499331945,21.802303473722702,2.7513816447603334
0.5541666666666667,-24.880846251442982,21.956711479152013,2.775143786883509
0.5583333333333333,-24.997247181338263,22.148199185949892,2.8074460905232757
0.5625,-25.10815916688786,22.37231195538335,2.8474086956477476
0.5666666666666667,-25.21464291861503,22.62336273842411,2.8937600251769835
0.5708333333333333,-25.31783230212985,22.894824416912044,2.944872055363818
0.575,-25.418841523002328,23.17976531973698,2.998819532940319
0.5791666666666667,-25.5186553283441,23.471290658795642,3.0534630969388252
0.5833333333333334,-25.618011620248417,23.76295284415333,3.106552808644022
0.5875,-25.717291290897574,24.04909744488981,3.1558445514055498
0.5916666666666667,-25.816432738567556,24.325118247189813,3.1992179928946687
0.5958333333333333,-25.914887365031724,24.58760294742568,3.2347823489412755
0.6,-26.011627250995595,24.834360460311956,3.2609564614459265
0.6041666666666666,-26.105207885061315,25.064332926112794,3.2765136316779726
0.6083333333333333,-26.193879244711468,25.277410097781797,3.2805883579190285
0.6125,-26.275730659472675,25.474177567513237,3.2726491866879566
0.6166666666666667,-26.348851155737933,25.655638294232045,3.2524468749484994
0.6208333333333333,-26.411487820982643,25.82294589038898,3.21994876832162
0.625,-26.462188524513323,25.977179414930838,3.175269201107731
0.6291666666666667,-26.499919687918275,26.119177994117827,3.118603565640554
0.6333333333333333,-26.524153124317454,26.249443710708288,3.0501720851990988
0.6375,-26.534918304360183,26.368113514917365,2.970178460173232
0.6416666666666667,-26.53281883029664,26.474994215356823,2.8787874939716693
0.6458333333333334,-26.519014975004634,26.569648541754447,2.7761236791005426
0.65,-26.495176944726154,26.651515501760482,2.662289552902264
0.6541666666666667,-26.463414668988538,26.720045575318665,2.537399239132597
0.6583333333333333,-26.426189442988242,26.774831293358353,2.4016200481468277
0.6625,-26.38621198624974,26.8157167443792,2.2552140789012096
0.6666666666666666,-26.346331426102854,26.842875264427583,2.098572607769596
0.6708333333333333,-26.309420418868022,26.856851588729757,1.9322382173861372
0.675,-26.278262756086136,26.858570761642664,1.7569124127557045
0.6791666666666667,-26.25545084195345,26.849319522015964,1.5734493715995435
0.6833333333333333,-26.243300400845968,26.830707018363466,1.3828390108994084
0.6875,-26.24378759173515,26.804611826718403,1.1861838197979961
0.6916666666666667,-26.25850928161738,26.773122131687018,0.9846731220554976
0.6958333333333333,-26.288662224522568,26.73847584540003,0.7795563170296769
0.7,-26.33503397289478,26.7030072476128,0.5721151442223725
0.7041666666666667,-26.397999289723767,26.669105529541635,0.36363497946291307
0.7083333333333334,-26.477519917597387,26.639187478529347,0.15537569374822363
0.7125,-26.573149813466518,26.615682095843187,-0.051457063411880055
0.7166666666666667,-26.68404957345069,26.60102120413722,-0.25573881868915566
0.7208333333333333,-26.809012565149384,26.597628233710292,-0.456449385065583
0.725,-26.946503169144012,26.60789677309495,-0.6526897674601182
0.7291666666666666,-27.094706144303707,26.634150545210776,-0.8436911975347718
0.7333333333333333,-27.251586051799205,26.67857808705763,-1.0288157860111604
0.7375,-27.41495687708526,26.74313960182015,-1.2075490519367122
0.7416666666666667,-27.582563405707628,26.82944954183236,-1.379484895736738
0.7458333333333333,-27.752175430804826,26.9386444800974,-1.5443041950797094
0.75,-27.921692352779687,27.07125029828048,-1.7017496375228687
0.7541666666666667,-28.08925051384293,27.227064815427404,-1.8516011808431445
0.7583333333333333,-28.253321543600986,27.405070367605255,-1.9936577169630127
0.7625,-28.412789605167884,27.60338543640588,-2.1277304014559437
0.7666666666666667,-28.566999381049627,27.81925848472022,-2.2536513806137095
0.7708333333333334,-28.71577250381271,28.049104379407652,-2.371298647344221
0.775,-28.859393776902504,28.288583993686736,-2.480634375457129
0.7791666666666667,-28.99856821592956,28.5327278147592,-2.581750870210984
0.7833333333333333,-29.134348130499824,28.776102783284372,-2.674915455206202
0.7875,-29.268029791646352,29.013018470528397,-2.760604210337419
0.7916666666666666,-29.401023021687784,29.237764974056468,-2.8395159192734662
0.7958333333333333,-29.53470280301568,29.444871188145637,-2.912561664226489
0.8,-29.670256777042418,29.629368957137086,-2.980830055740258
0.8041666666666667,-29.80854401021364,29.787046561684313,-3.045531442908806
0.8083333333333333,-29.949978848659548,29.91467384297097,-3.1079270465289563
0.8125,-30.09445102070021,30.01018070658976,-3.1692516487883013
0.8166666666666667,-30.241290299666762,30.072771658078302,-3.2306404787273664
0.8208333333333333,-30.389280220179177,30.10296295386659,-3.2930707547795337
0.825,-30.53672023504566,30.102536261782593,-3.357325681658175
0.8291666666666667,-30.68153056725269,30.074412203199255,-3.42398435468673
0.8333333333333334,-30.821390294628163,30.022456315416772,-3.4934363345652626
0.8375,-30.953897282655145,29.95123562640569,-3.5659164602048516
0.8416666666666667,-31.076737973187168,29.865744773642817,-3.6415547192967352
0.8458333333333333,-31.187854971151456,29.77111863606726,-3.7204363344836504
0.85,-31.285600217138555,29.67234693633251,-3.8026665462676332
0.8541666666666666,-31.368861490719905,29.574005829192476,-3.888432548272366
0.8583333333333333,-31.437151358816603,29.480020700365806,-3.978053121510696
0.8625,-31.490651588681246,29.393472266041222,-4.072006286674224
0.8666666666666667,-31.53021164917241,29.31645508682183,-4.170927174440212
0.8708333333333333,-31.557304730604535,29.249994858250794,-4.275571701765637
0.875,-31.573947043065456,29.194027987810355,-4.386745985402788
0.8791666666666667,-31.582586486062418,29.147442277773333,-4.505206627875727
0.8833333333333333,-31.58596646174849,29.108171068523866,-4.631542408212511
0.8875,-31.586970671058214,29.073328443551606,-4.7660517581673565
0.8916666666666667,-31.588456088963135,29.039373207361397,-4.908631278479909
0.8958333333333334,-31.593084094461567,29.002293033352597,-5.058688712440543
0.9,-31.603162349375967,28.957803258390534,-5.215090741719284
0.9041666666666668,-31.62051039622278,28.90155467581672,-5.3761529327904185
0.9083333333333332,-31.64635964842784,28.829341927618263,-5.539676148877559
0.9125,-31.681294601942266,28.737301031792125,-5.703029900768606
0.9166666666666666,-31.725237452473138,28.622083679957917,-5.863277883764573
0.9208333333333332,-31.777472577055157,28.480998624501986,-6.017334805190446
0.925,-31.836700916253115,28.3121157402337,-6.162138154886254
0.9291666666666668,-31.90110982398032,28.114332929292356,-6.294816064845496
0.9333333333333332,-31.968445000799882,27.88740733127238,-6.412834063262971
0.9375,-32.03607851430338,27.631950897462843,-6.514108160888595
0.9416666666666668,-32.10107698719597,27.349388826941176,-6.597076997275612
0.9458333333333332,-32.16028134104996,27.041879225500026,-6.6607305584475505
0.95,-32.21041084276148,26.712193658341064,-6.704597304341064
0.9541666666666668,-32.2482000237038,26.363560616458077,-6.72869532709815
0.9583333333333334,-32.27056969852715,25.999476877083133,-6.733455963769435
0.9625,-32.27482517478759,25.623494757614928,-6.719630006217906
0.9666666666666668,-32.25886746208646,25.238996120544794,-6.6881875185701976
0.9708333333333332,-32.22139802528598,24.848966971512198,-6.640222328740392
0.975,-32.162095282283396,24.45578952891107,-6.5768712542458765
0.9791666666666666,-32.08174190376297,24.061070608696248,-6.499255720522276
0.9833333333333332,-31.982285420945082,23.66552448436358,-6.408449474269134
0.9875,-31.866819775254537,23.268924496509946,-6.305471078396711
0.9916666666666668,-31.739482023122868,22.87013187416353,-6.19129527103578
0.9958333333333332,-31.605266714236812,22.467204310775667,-6.066874978310363
1.0,-31.469769551482816,22.057581304947032,-5.933166601814987
1.0041666666666669,-31.33887932006075,21.638337427988443,-5.791153851939359
1.0083333333333333,-31.218441289613455,21.206488226681923,-5.6418676383760955
1.0125,-31.113917319438343,20.759327299776448,-5.486400429453759
1.0166666666666666,-31.030068764231906,20.294768361235757,-5.325913769911608
1.0208333333333333,-30.970687264562493,19.811663344558557,-5.161638087680755
1.025,-30.938394508744338,19.310067174623335,-4.994864364627042
1.0291666666666666,-30.934524961314988,18.79142200652274,-4.826927263175902
1.0333333333333334,-30.959096086509252,18.258638147704833,-4.659178987401961
1.0375,-31.010860447949696,17.716055712436606,-4.492952775059344
1.0416666666666667,-31.0874261572539,17.169281387067,-4.32951463566215
1.0458333333333334,-31.185429206951337,16.624907776191243,-4.1700024192689735
1.05,-31.300743581575208,16.090135400018575,-4.015353459540465
1.0541666666666667,-31.428719933166263,15.572327161855195,-3.8662259060098645
1.0583333333333331,-31.564446885343397,15.07853194457272,-3.7229230948887064
1.0625,-31.70302805096358,14.615017851685499,-3.585333162352172
1.0666666666666669,-31.83986316970977,14.186855600129034,-3.4528967010500504
1.0708333333333333,-31.970916323217665,13.797588599979296,-3.324613476752929
1.075,-32.092951045951786,13.449018980088903,-3.199094658908709
1.0791666666666666,-32.203712602421454,13.141128271271246,-3.074659447585573
1.0833333333333333,-32.302040758517506,12.87213762240193,-2.9494659999562187
1.0875,-32.387900355004625,12.638697201966869,-2.8216594589841164
1.0916666666666666,-32.46232156456741,12.436181764097782,-2.6895172444303856
1.0958333333333334,-32.527248193182174,12.259062179935091,-2.5515737300833723
1.1,-32.58530205222382,12.101319995061678,-2.4067115196490896
1.1041666666666667,-32.639483301434666,11.956870576226859,-2.254213272351162
1.1083333333333334,-32.69283715104738,11.819959646701406,-2.0937751526708195
1.1125,-32.748122817516254,11.685500684856267,-1.9254888879471581
1.1166666666666667,-32.807520206997054,11.549328727192604,-1.7498025804397095
1.1208333333333331,-32.87240477731028,11.408358693662208,-1.5674702167069852
1.125,-32.94321295982094,11.260650836481952,-1.379496838410722
1.1291666666666669,-33.01941037664556,11.105398673233246,-1.1870823677452653
1.1333333333333333,-33.09956375028697,10.942861627946035,-0.9915644121041143
1.1375,-33.181506078318584,10.774263672919451,-0.7943600612268419
1.1416666666666666,-33.26257466798546,10.601673542637146,-0.5969074992228913
1.1458333333333333,-33.33989411724534,10.42787717809341,-0.40060812078698027
1.15,-33.41067222265627,10.256251647789725,-0.20676837571441248
1.1541666666666666,-33.4724768134603,10.090649738965887,-0.0165394746797375
1.1583333333333334,-33.523465566923214,9.935302132230037,0.1691458773185961
1.1625,-33.56254790614383,9.794738300543985,0.3496374705041978
1.1666666666666667,-33.58946713758222,9.67371997930586,0.5246266660608794
1.1708333333333334,-33.60480147440104,9.577176013032595,0.6941931594923247
1.175,-33.60989311300961,9.510127126362896,0.8588326565069432
1.1791666666666667,-33.60672268807582,9.477592773086524,1.0194609871374067
1.1833333333333331,-33.59775072914627,9.484476722128372,1.1773927610495725
1.1875,-33.585748430673384,9.535431056719224,1.3342943548080286
1.1916666666666669,-33.57363771386878,9.634698634811414,1.492111343092423
1.1958333333333333,-33.56435535826374,9.785932103040938,1.6529698469175278
1.2,-33.56074871703875,9.991985617662886,1.8190509050883596
1.2041666666666666,-33.56550315391028,10.254676658133581,1.9924382871610828
1.2083333333333333,-33.58109555427858,10.574521605229336,2.174943806627312
1.2125,-33.60976440799325,10.950459929221875,2.3679196666206175
1.2166666666666666,-33.653484919889046,11.379595487429995,2.5720733374132907
1.2208333333333334,-33.71393789378442,11.856995036990739,2.7873051883292708
1.225,-33.79246426246812,12.375588883415874,3.012590949127965
1.2291666666666667,-33.89000262727938,12.926214423509757,3.2459291900821734
1.2333333333333334,-34.00701376826615,13.497831124879625,3.4843684651829627
1.2375,-34.143402275383615,14.077917200105226,3.7241202136455502
1.2416666666666667,-34.29844961836658,14.653035366048888,3.960753064387753
1.2458333333333331,-34.470773733974944,15.209529691094016,4.189453465897162
1.25,-34.65832715391956,15.734292496259041,4.405328505500302
1.2541666666666669,-34.85843994675752,16.215526505938485,4.603721302922763
1.2583333333333333,-35.06790758416441,16.64342694755911,4.780508807049412
1.2625,-35.28311921403027,17.010719028299746,4.932355994502907
1.2666666666666666,-35.500218912960214,17.313003629276842,5.056907382405685
1.2708333333333333,-35.71529016436858,17.548885925139608,5.1529041368270105
1.275,-35.92455146850925,17.719886928736976,5.220221993456437
1.2791666666666666,-36.12454915254039,17.830162862025674,5.259831945191009
1.2833333333333334,-36.31233259070534,17.88607559065693,5.273691966618009
1.2875,-36.485597146112426,17.895665146952464,5.2645828907497325
1.2916666666666667,-36.64278143190454,17.86807367770475,5.235904318659453
1.2958333333333334,-36.783108557041125,17.81296360136288,5.191447704934683
1.3,-36.90656602528378,17.739965578210143,5.135164334067034
1.3041666666666667,-37.013825187216376,17.658185356311233,5.070945650553039
1.3083333333333331,-37.106107572292736,17.57579200438427,5.002431639153501
1.3125,-37.185011374434524,17.499703452876815,4.9328597039718725
1.3166666666666669,-37.25231620146419,17.435379378633783,4.864962608392848
1.3208333333333333,-37.30978664623217,17.38672617512294,4.800919991816699
1.325,-37.35899410016637,17.35611304769167,4.742363465673788
1.3291666666666666,-37.401171933645735,17.344491541981796,4.690430211606172
1.3333333333333333,-37.43711343004301,17.351603191487673,4.645855184668544
1.3375,-37.467115906648125,17.376252300607284,4.609088607502542
1.3416666666666666,-37.49096883274356,17.416614879907808,4.580423931330996
1.3458333333333334,-37.507979425257254,17.47055217363749,4.560121459617272
1.35,-37.51702717750319,17.535898662643543,4.548513802636019
1.3541666666666667,-37.516638971001825,17.61069970170283,4.546081398956858
1.3583333333333334,-37.505077829137306,17.693382676025774,4.553490172789648
1.3625,-37.480439973322184,17.78285629238138,4.571588884060809
1.3666666666666667,-37.4407562475759,17.87854251674473,4.601369434909968
1.3708333333333331,-37.38409560004031,17.980352196233564,4.643897545330886
1.375,-37.308670334467664,18.088618076265266,4.700222947610134
1.3791666666666669,-37.212944001678316,18.20399900769704,4.77127803245733
1.3833333333333333,-37.0957414742932,18.327367804850546,4.857772911579225
1.3875,-36.95635733661811,18.459692678127915,4.960094216772749
1.3916666666666666,-36.79465562082582,18.6019187733399,5.078215008456683
1.3958333333333333,-36.6111530885459,18.754853298469826,5.211623388542128
1.4,-36.40707938239048,18.919055970339272,5.359276806425101
1.4041666666666666,-36.184408452171105,19.09473600883445,5.519587068019841
1.4083333333333334,-35.94585546008732,19.28165724239566,5.690437838769581
1.4125,-35.694832976132425,19.479053998094624,5.869232378583016
1.4166666666666667,-35.43536167428901,19.685562683719006,6.052965351303134
1.4208333333333334,-35.171934539785234,19.8991777514748,6.238310690959939
1.425,-34.90933869435275,20.11724498987408,6.421718964859505
1.4291666666666667,-34.65244376199656,20.336506166155505,6.599521184286618
1.4333333333333331,-34.40596970048373,20.55320367093057,6.7680384436421335
1.4375,-34.17425099159492,20.763243440641922,6.923696246034959
1.4416666666666669,-33.961017960122305,20.96240408483419,7.063140021788854
1.4458333333333333,-33.769217212585154,21.146573408509415,7.183346661572352
1.45,-33.60088895406663,21.31199100351302,7.281727293418436
1.4541666666666666,-33.4571098035361,21.455476821942458,7.356218637511368
1.4583333333333333,-33.33799961409613,21.574629271593455,7.405362364321117
1.4625,-33.242783846583286,21.667979670372176,7.428372067625176
1.4666666666666666,-33.16990083234982,21.73509117403321,7.425185301865366
1.4708333333333334,-33.11714435831219,21.776591165113196,7.396495254955659
1.475,-33.08183340706231,21.794129723170617,7.343755232005794
1.4791666666666667,-33.06100028135896,21.79026447230588,7.2691501217787415
1.4833333333333334,-33.05158554058379,21.768282133911022,7.175531868899547
1.4875,-33.0506247134566,21.731976187390693,7.066319597975634
1.4916666666666667,-33.05540969553054,21.68540536255073,6.945368499158943
1.4958333333333331,-33.063608786912255,21.63265840073492,6.8168144885865445
1.5,-33.073334152823286,21.57764727027549,6.684904008504064
1.5041666666666669,-33.08315331031736,21.52394472453337,6.553819940922661
1.5083333333333333,-33.09205000723923,21.474673946525265,6.427514925385787
1.5125,-33.09934725218924,21.432450010884388,6.3095620897605516
1.5166666666666666,-33.104609724831384,21.39936690941751,6.203030839061428
1.5208333333333333,-33.107543840256014,21.377020202013604,6.110392952576925
1.525,-33.10791179543348,21.366552682078378,6.033462328997377
1.5291666666666666,-33.10547199192633,21.368707999613893,5.973369770176169
1.5333333333333334,-33.09995313577024,21.38387614297366,5.930571586587726
1.5375,-33.091063605914854,21.41211700641552,5.90488792603385
1.5416666666666667,-33.078532131616406,21.453154616883733,5.895564792905824
1.5458333333333334,-33.06217108165965,21.506343569608507,5.901353619440482
1.55,-33.041949798658436,21.570617828877396,5.920603503987477
1.5541666666666667,-33.01806292401701,21.644437260446313,5.951362456627142
1.5583333333333331,-32.99097913193538,21.725748425230545,5.991484416588837
1.5625,-32.961459883580225,21.811974991178047,6.038738650930729
1.5666666666666669,-32.93054413399986,21.90005074275738,6.0909176641014255
1.5708333333333333,-32.89950079104333,21.98650395584396,6.14593905598831
1.575,-32.86975453502408,22.067595229595483,6.2019363259075035
1.5791666666666666,-32.84279216306685,22.139502361271276,6.257333869258022
1.5833333333333333,-32.82005683112397,22.198537414012666,6.310902131060945
1.5875,-32.80283784619691,22.241375318200873,6.361789527634506
1.5916666666666666,-32.79216480697802,22.26527176919783,6.409528337141888
1.5958333333333334,-32.78871638306196,22.268250453836806,6.4540130009830765
1.6,-32.79275438077538,22.24924434262127,6.495451624463498
1.6041666666666667,-32.8040915201369,22.20818158501357,6.534294301722121
1.6083333333333334,-32.82209645621079,22.14601220537889,6.571144143288124
1.6125,-32.84573394168082,22.064676283201752,6.606658197238607
1.6166666666666667,-32.87363422994473,21.967017223602323,6.641446242210528
1.6208333333333331,-32.90418472059321,21.856645372221905,6.675976051328464
1.625,-32.93563688865818,21.737758316419317,6.710494054200262
1.6291666666666669,-32.96622071833839,21.614925809273345,6.744969962978478
1.6333333333333333,-32.99425715384247,21.492850381777995,6.779072531984389
1.6375,-33.01825828785086,21.37611917750056,6.812180991483981
1.6416666666666666,-33.03700646643765,21.268966228534254,6.843432815234195
1.6458333333333333,-33.04960683223875,21.175064352613187,6.871803610725402
1.65,-33.05551188410236,21.097360642914165,6.896209634711397
1.6541666666666666,-33.05452033898925,21.037961026362844,6.91561884325941
1.6583333333333334,-33.04675514929329,20.99806214947866,6.929154388631431
1.6625,-33.032626738087615,20.977926486682172,6.936176696778369
1.6666666666666667,-33.012787529263356,20.976898430011104,6.936336063371179
1.6708333333333334,-32.98808251801913,20.99346147912566,6.929594234662287
1.675,-32.95949807584139,21.025336643290938,6.91621814330756
1.6791666666666667,-32.92810872971988,21.069620069412956,6.896751441526435
1.6833333333333331,-32.895020664922825,21.122955590131582,6.8719706115165655
1.6875,-32.86131118284381,21.181735830656987,6.842832684654716
1.6916666666666669,-32.82796481643225,21.242322408922327,6.8104206865372285
1.6958333333333333,-32.795809363083706,21.301271096151993,6.775890869057101
1.7,-32.76545836096391,21.355543621575382,6.740423447372437
1.7041666666666666,-32.73726873272583,21.40268695604711,6.705176955421633
1.7083333333333333,-32.711321783252735,21.44096413638169,6.671245908696385
1.7125,-32.687432585624194,21.469426335167693,6.639622055383777
1.7166666666666666,-32.66518833571262,21.487921995122516,6.6111605846871635
1.7208333333333334,-32.64401167103015,21.49704438995558,6.586553362263751
1.725,-32.62324107317791,21.49802308520197,6.566310621605706
1.7291666666666667,-32.60221806758024,21.492566789578202,6.550750445345329
1.7333333333333334,-32.58037043626185,21.4826660203506,6.539993105758692
1.7375,-32.55728186367094,21.470366409625377,6.533956704108079
1.7416666666666667,-32.5327407698752,21.45752896061822,6.532352370239323
1.7458333333333331,-32.50676415173256,21.445601188997475,6.534680979003762
1.75,-32.47959573846055,21.4354297543149,6.540237539200125
1.7541666666666669,-32.45168114979306,21.42714636878118,6.548132132455017
1.7583333333333333,-32.42362551199681,21.420150466070677,6.557335227580244
1.7625,-32.39614052066548,21.413194743943613,6.566749564983519
1.7666666666666666,-32.3699874031644,21.404559567782595,6.5753028516007435
1.7708333333333333,-32.345919861259326,21.39228725340781,6.582049177733022
1.775,-32.32462879688249,21.374441213993528,6.586264910944965
1.7791666666666666,-32.30669008751974,21.34935633577735,6.587526519055003
1.7833333333333334,-32.29251761337013,21.31585217672506,6.585761242142482
1.7875,-32.282324936994364,21.273387188681053,6.581265011452037
1.7916666666666667,-32.27609965304308,21.222139382244112,6.574685112143201
1.7958333333333334,-32.27359405005756,21.16300674562667,6.566968158262494
1.8,-32.27433425142103,21.097529322942112,6.559277094027171
1.8041666666666667,-32.27764770244842,21.027743758809088,6.5528838868048
1.8083333333333331,-32.28270638468249,20.955989205464974,6.549046959482616
1.8125,-32.288581196026975,20.88468888760934,6.548883889054276
1.8166666666666669,-32.294301807482974,20.816132818187043,6.553250461867297
1.8208333333333333,-32.298915941836725,20.7522844280734,6.562637115304282
1.825,-32.30154278025051,20.694628839625583,6.577093042676344
1.8291666666666664,-32.30141732771935,20.644074496360112,6.596186211989593
1.8333333333333333,-32.29792499243872,20.600913352499198,6.619004029519977
1.8375,-32.29062680619469,20.56483817783642,6.644195035076168
1.8416666666666663,-32.27927554981915,20.535009478735823,6.670047896330709
1.8458333333333332,-32.26382290892447,20.510160015006196,6.694600780463387
1.85,-32.2444184730504,20.488722311201535,6.715771983017327
1.8541666666666667,-32.22140206731441,20.46896367043783,6.731501223024177
1.8583333333333332,-32.19529037689108,20.449114284261025,6.739890451733848
1.8625,-32.16675736722485,20.427478111346883,6.739334047575003
1.8666666666666667,-32.13660717193019,20.402522837278497,6.728630866920366
1.8708333333333331,-32.105738845569725,20.372951416690242,6.707073443780164
1.875,-32.07510386316255,20.337760292973147,6.674511322036179
1.8791666666666669,-32.045657963317154,20.296287950407468,6.6313861421013405
1.8833333333333333,-32.01830853244717,20.248254032614206,6.578736665165655
1.8875,-31.993858533138997,20.19378617861795,6.5181728469250855
1.8916666666666664,-31.97294920887212,20.133430037796376,6.451819139622747
1.8958333333333333,-31.95600581284842,20.068137494662448,6.382228286543185
1.9,-31.943191542786327,19.999228563915594,6.312268105665547
1.9041666666666663,-31.934373862208947,19.92832367007546,6.244985059519908
1.9083333333333332,-31.929105708681746,19.857245256208472,6.183449533273315
1.9125,-31.926623568940617,19.787890797627938,6.13058881465111
1.9166666666666667,-31.925865119612986,19.722083094689957,6.089015179905945
1.9208333333333332,-31.925509428104462,19.661407838107564,6.060858090651644
1.925,-31.924041469455116,19.60705189184338,6.047610456545541
1.9291666666666667,-31.919840430441614,19.559657100660544,6.04999868104775
1.9333333333333331,-31.911288588756257,19.519203530539777,6.067885256437588
1.9375,-31.89689432182854,19.484934473782513,6.100211871173604
1.9416666666666669,-31.875419092783854,19.455334453310872,6.144990557937636
1.9458333333333333,-31.84599502361338,19.428170042874335,6.19934973722733
1.95,-31.80821799973059,19.40060008819702,6.259640158289738
1.9541666666666664,-31.762201997335573,19.36935611413457,6.3216020259090016
1.9583333333333333,-31.708583867087707,19.330985382112438,6.38058915125058
1.9625,-31.648473409578262,19.282139181993646,6.431839727717979
1.9666666666666663,-31.583349826946844,19.21987964364,6.470777399838632
1.9708333333333332,-31.514911906066125,19.141972484538574,6.493321513601366
1.975,-31.444895468150406,19.04713327336022,6.496182696473973
1.9791666666666667,-31.37487664340575,18.935201828136062,6.4771199142235085
1.9833333333333332,-31.30608195142285,18.807230817605575,6.435137728855255
1.9875,-31.239225777170827,18.66548580717072,6.370606898931033
1.9916666666666667,-31.17439335362678,18.513361621471642,6.285297159686785
1.9958333333333331,-31.11098327414373,18.35522386853894,6.182317462699271
2.0,-31.04771808485959,18.19618627688808,6.065965344911201
2.004166666666667,-30.98272503651885,18.041835821383444,5.941492996571432
2.0083333333333333,-30.9136821364756,17.897919992625525,5.814803398588269
2.0125,-30.838017915886482,17.77001448158506,5.692095988453367
2.0166666666666666,-30.75314764282763,17.66319383516799,5.57948698462455
2.020833333333333,-30.656724748341073,17.58173032149448,5.48263317959972
2.025,-30.54688437398435,17.528845532228285,5.406388444045249
2.029166666666667,-30.422456442781776,17.506534098309434,5.354519109695501
2.033333333333333,-30.28312850893178,17.51547001127713,5.329498330012195
2.0375,-30.129543311429085,17.554996229273442,5.332391397291373
2.0416666666666665,-29.963321505109015,17.62319057856567,5.362835219039404
2.0458333333333334,-29.78700575955339,17.71699654139151,5.419107311763363
2.05,-29.603928165379386,17.832405611160105,5.498273659785944
2.0541666666666667,-29.418008975118617,17.964677305172184,5.596400363616742
2.058333333333333,-29.233501509263988,18.108582348087207,5.708810467996879
2.0625,-29.05470511611617,18.258653247231738,5.83036471141621
2.066666666666667,-28.88567333875303,18.409425788906148,5.955744182366973
2.0708333333333333,-28.72994551698963,18.55565701589795,6.079714981178061
2.075,-28.590326302967735,18.69250970902125,6.19735967003266
2.0791666666666666,-28.468730265947077,18.815697869503296,6.304266132299461
2.083333333333333,-28.36609998890005,18.92159097598084,6.396670074684842
2.0875,-28.282397967495807,19.007277587326172,6.471551908489822
2.091666666666667,-28.216666278097257,19.070591657094322,6.526691611839206
2.095833333333333,-28.167142908368508,19.110107159460732,6.560686390286488
2.1,-28.131419561510068,19.12510779472734,6.57293601026699
2.1041666666666665,-28.106623500315433,19.11553864866808,6.563600093539585
2.1083333333333334,-28.089605906336082,19.081945714610363,6.533530897242194
2.1125,-28.0771205939939,19.025407072417753,6.484184839784604
2.1166666666666667,-28.065979671719184,18.94745676552632,6.417516688511359
2.120833333333333,-28.05317737415843,18.850000305343492,6.335861417026811
2.125,-28.035979237486373,18.735220566358294,6.241809422428283
2.129166666666667,-28.011979475784237,18.60547509705405,6.1380808535464455
2.1333333333333333,-27.979133308465823,18.463189699435322,6.027404493318729
2.1375,-27.93577213367943,18.310756439301286,5.912405964110605
2.1416666666666666,-27.880608182577777,18.150445103721903,5.79550899616965
2.145833333333333,-27.812733467425147,17.984335321603858,5.67885272783453
2.15,-27.731616864589732,17.81427347236541,5.564228068464084
2.154166666666667,-27.637102235559038,17.641855324727942,5.453036462890838
2.158333333333333,-27.529408321142945,17.46843208665895,5.346273610071954
2.1625,-27.409128663410197,17.295134089201795,5.244538400228267
2.1666666666666665,-27.277228678117368,17.122903826877845,5.148064627646255
2.1708333333333334,-27.135036760453577,16.952530135321656,5.056771263021151
2.175,-26.984225374443096,16.784677952399896,4.970326685314712
2.1791666666666667,-26.826776508369257,16.61991184632086,4.888222856907617
2.183333333333333,-26.664925387062382,16.458714787681167,4.809856164073605
2.1875,-26.50107821355398,16.301505725020608,4.734611683801004
2.191666666666667,-26.337703606901147,16.148659883051664,4.661946441587822
2.1958333333333333,-26.17720180515881,16.000533760433186,4.591464967441174
2.2,-26.021759269725674,15.857492689304841,4.522978264556043
2.2041666666666666,-25.87319863488138,15.719934497575274,4.456536942464419
2.208333333333333,-25.73283541755549,15.588301246556245,4.392431949578933
2.2125,-25.60135421854957,15.463073191843279,4.331161542314034
2.216666666666667,-25.47871821220387,15.344743051332387,4.2733689077919745
2.220833333333333,-25.3641251140945,15.23377225302875,4.219759425556349
2.225,-25.2560189551139,15.130534061391646,4.171009160513884
2.2291666666666665,-25.15216012278114,15.035251838614927,4.127676789668692
2.2333333333333334,-25.049748672127045,14.947943212498297,4.090130033385128
2.2375,-24.9455903625272,14.868380876689663,4.058495116051299
2.2416666666666667,-24.836291672279746,14.796077500124442,4.032634034591812
2.245833333333333,-24.718468083774635,14.730297019863071,4.0121498762644565
2.25,-24.588948821914283,14.670089917751104,3.9964161621322507
2.254166666666667,-24.44496168341696,14.614347816627694,3.9846233859758464
2.2583333333333333,-24.28428417720914,14.561872597156881,3.9758348686444704
2.2625,-24.10535196410374,14.511455276911244,3.9690442223465996
2.2666666666666666,-23.907322224428416,14.461958754285087,3.963227757186424
2.270833333333333,-23.690096791776067,14.412396927872383,3.957387212035949
2.275,-23.454315231000145,14.362002376814354,3.9505811446510086
2.279166666666667,-23.201329053276588,14.310276573609713,3.9419463361730984
2.283333333333333,-22.93316413120285,14.257020074633793,3.930712706794513
2.2875,-22.652471158899186,14.202343984475409,3.9162160231714456
2.2916666666666665,-22.362457831344784,14.146666400830998,3.8979119156962154
2.2958333333333334,-22.066794508160736,14.090697289255777,3.8753925478897617
2.3,-21.76948782772183,14.03541274099987,3.8484045939062024
2.3041666666666667,-21.4747225987909,13.982016621884855,3.8168653058279096
2.308333333333333,-21.186679605027084,13.931886283472013,3.7808730425855455
2.3125,-20.909343664979616,13.886500374959283,3.740709328472722
2.316666666666667,-20.6463199101198,13.847350041313804,3.696830635271959
2.3208333333333333,-20.40067512681054,13.8158379336471,3.6498492659518407
2.325,-20.174815770767747,13.793171333577224,3.600503814030098
2.3291666666666666,-19.970407503817405,13.780256567622432,3.549620558188408
2.333333333333333,-19.788335455549372,13.777602535824617,3.4980679747279755
2.3375,-19.628700871512898,13.785242142941863,3.4467077154508905
2.341666666666667,-19.490847916551864,13.802681483042006,3.396346760056958
2.345833333333333,-19.373413776423575,13.828886577054272,3.3476960420270663
2.35,-19.274396192335328,13.862314935537515,3.3013399642183057
2.3541666666666665,-19.191235023244342,13.900993962660671,3.2577193157749704
2.3583333333333334,-19.120906873698335,13.942641491000238,3.2171281822627162
2.3625,-19.060032670356442,13.984817714567225,3.1797239711094867
2.3666666666666667,-19.004997042187263,14.025094307611816,3.1455483366123147
2.370833333333333,-18.9520764256333,14.061225901095543,3.114555229990807
2.375,-18.89757143484865,14.09131028473021,3.086640970843161
2.379166666666667,-18.83793909042683,14.113925771817344,3.061671212711502
2.3833333333333333,-18.769921361592907,14.128237113311954,3.039501489328363
2.3875,-18.69066679087327,14.13406496150829,3.0199908470803396
2.3916666666666666,-18.597841454530187,14.131916647500274,3.0030102410867987
2.395833333333333,-18.489724962095252,14.122976636415615,2.9884478388845293
2.4,-18.36528700921137,14.10905446208015,2.976212451161352
2.404166666666667,-18.224239880539933,14.092488815283636,2.9662351141774472
2.408333333333333,-18.067062118198084,14.0760102603226,2.9584683286670663
2.4125,-17.894988660011663,14.062570817632404,2.952882923110733
2.4166666666666665,-17.709963678242588,14.055153902258278,2.9494635622898224
2.4208333333333334,-17.51455456905952,14.056580716500656,2.948204702759652
2.425,-17.311828956297298,14.069328597432433,2.9491086108602116
2.4291666666666667,-17.105200329326344,14.095373833197641,2.952185891841525
2.433333333333333,-16.898250911888752,14.136067343611565,2.957457417811769
2.4375,-16.694542161571494,14.192047726259991,2.964955386277333
2.441666666666667,-16.497424708386703,14.263193672166505,2.9747210543201135
2.4458333333333333,-16.30986126042575,14.348616650417673,2.9867974868851954
2.45,-16.134276964515788,14.446693888656682,3.00121701168134
2.4541666666666666,-15.972449913121308,14.555140281773568,3.0179844975928196
2.458333333333333,-15.825449728533734,14.671116149589245,3.037058708426622
2.4625,-15.69362633364662,14.79136592834825,3.0583346713406887
2.466666666666667,-15.576645806684047,14.91238083374767,3.0816302246966814
2.470833333333333,-15.473566037869965,15.030576634284236,3.1066796268875962
2.475,-15.382941952533187,15.142476641857522,3.1331362133799425
2.4791666666666665,-15.302948757748531,15.244889849413982,3.1605846034577785
2.4833333333333334,-15.231512145108292,15.335073818040044,3.188561218871773
2.4875,-15.166436407044616,15.410870763028695,3.216580522289416
2.4916666666666667,-15.105524507845187,15.470804309582382,3.244163938237091
2.495833333333333,-15.046687255642055,15.514125784226973,3.27086884205892
2.5,-14.988040553926316,15.540803944898926,3.296315778638175
2.504166666666667,-14.927989712584331,15.551459752063026,3.3202126614905634
2.5083333333333333,-14.865298440479982,15.547256008596413,3.3423748199317176
2.5125,-14.799138520189848,15.529758628709518,3.362739480146924
2.5166666666666666,-14.729115567958162,15.500790353695168,3.381373023867076
2.520833333333333,-14.655267468849463,15.462297500566654,3.3984697336684255
2.525,-14.57803475518225,15.41624574626396,3.4143419173875604
2.529166666666667,-14.498205438454022,15.364553792691702,3.429402867676549
2.533333333333333,-14.416839789572025,15.309066170305455,3.4441453237030335
2.5375,-14.335182764290906,15.251559449290681,3.4591185002287177
2.5416666666666665,-14.254572729977784,15.193770098804123,3.4749061828561167
2.5458333333333334,-14.176354509786655,15.137428173577261,3.492106922233285
2.55,-14.101802632156568,15.084280541759892,3.5113155551548894
2.5541666666666667,-14.032057710549624,15.03609134360293,3.5331040556404734
2.558333333333333,-13.968076150725624,14.994614796388237,3.557999616597185
2.5625,-13.910592064641778,14.961543709127092,3.5864588214949267
2.566666666666667,-13.860090600927446,14.938442982466892,3.6188383888153566
2.5708333333333333,-13.816792659400955,14.926678728518944,3.6553645455518615
2.575,-13.780650753749219,14.927350495794425,3.696103844002921
2.5791666666666666,-13.751354393185785,14.941229099566842,3.7409380916570933
2.583333333333333,-13.728341499245753,14.96869963679279,3.7895457149706657
2.5875,-13.710811118892964,15.009710610627902,3.8413919978739104
2.591666666666667,-13.697733062883765,15.06373407655575,3.8957311519248403
2.595833333333333,-13.687852466387255,15.129744252402133,3.951623316302067
2.6,-13.679690787810141,15.206220581051312,4.00796853350795
2.6041666666666665,-13.671547752509506,15.291177112555717,4.063557307386293
2.6083333333333334,-13.661510036098761,15.382216467155795,4.117134183160101
2.6125,-13.647472268944304,15.47660515500411,4.1674680905177945
2.6166666666666667,-13.627175230498974,15.571366823009656,4.213421990100168
2.620833333333333,-13.598265273764904,15.663389871467592,4.254014928593282
2.625,-13.55837725840638,15.749545920063582,4.288471476658963
2.629166666666667,-13.505239790733077,15.826816087261003,4.316255916001553
2.6333333333333333,-13.436797197832908,15.89242186517537,4.337090668172128
2.6375,-13.351339476603444,15.943955191897238,4.350959886980564
2.6416666666666666,-13.247630634198119,15.979499002667158,4.358100053563022
2.645833333333333,-13.125026274245498,15.9977278257068,4.358980208969395
2.65,-12.98357102829585,15.997979767818432,4.35427511532785
2.654166666666667,-12.824065338134774,15.980295768418483,4.3448347444102575
2.658333333333333,-12.64809090009185,15.945426462756291,4.331652637104934
2.6625,-12.457986085119067,15.894808535539998,4.315833759919519
2.6666666666666665,-12.256766855573039,15.830510595368384,4.2985601301686565
2.6708333333333334,-12.047994696773442,15.75514595671146,4.281051135496334
2.675,-11.83560002435785,15.671749605889499,4.26451647191189
2.6791666666666667,-11.623675729755371,15.583620244502805,4.250102837636152
2.683333333333333,-11.416259200679761,15.494134459911855,4.238839132572062
2.6875,-11.21712147143836,15.406546473624301,4.231586843484883
2.691666666666667,-11.029579541336792,15.323790986848024,4.229001874051876
2.6958333333333333,-10.856343665411123,15.248306758011248,4.231512159725588
2.7,-10.699406962987373,15.181895417642963,4.239312991260516
2.7041666666666666,-10.559980745502948,15.125625694641242,4.252379429175263
2.708333333333333,-10.43847569144952,15.07978872973956,4.270492872016318
2.7125,-10.33452647328424,15.043905368898198,4.293277362572433
2.716666666666667,-10.247055709251566,15.01678158191106,4.320240766845877
2.720833333333333,-10.17437180916914,14.996604490966014,4.350816115790297
2.725,-10.114293803011437,14.981069585651797,4.3843988455331475
2.7291666666666665,-10.064294482036239,14.967529289143734,4.42037651421969
2.7333333333333334,-10.021651727714035,14.953153455730613,4.4581489043592955
2.7375,-9.983597349737162,14.9350930563598,4.497138029217684
2.7416666666666667,-9.947453216485332,14.910638893145755,4.536789113561608
2.745833333333333,-9.91074576848413,14.87736758710607,4.576564848225168
2.75,-9.87129213314311,14.833267467348733,4.615935948555431
2.754166666666667,-9.827254287338839,14.776837584195011,4.6543711842446305
2.7583333333333333,-9.777162114013933,14.707154079778029,4.691329658085602
2.7625,-9.71991081422097,14.623899772731507,4.7262574518109295
2.7666666666666666,-9.654741217852914,14.527355124190045,4.7585900744999465
2.770833333333333,-9.581212007840024,14.418351656204122,4.787761472649533
2.775,-9.499171194361361,14.298192276503917,4.813219671142129
2.779166666666667,-9.408731600433322,14.168546599018814,4.8344485320854105
2.783333333333333,-9.310252508118014,14.031332477209716,4.850994650039349
2.7875,-9.204327113568922,13.888596329490852,4.862497709890315
2.7916666666666665,-9.091773064884883,13.742403565385368,4.868721431514953
2.7958333333333334,-8.973621502260796,13.594746927272809,4.869580862174726
2.8,-8.851099223249873,13.447476333584772,4.865161168104341
2.8041666666666667,-8.725599159508707,13.302250332041764,4.855723950008618
2.808333333333333,-8.598636321261457,13.160507362635304,4.841699352431729
2.8125,-8.471789474616394,13.023454839636079,4.823664998348591
2.816666666666667,-8.346632285576266,12.89207488936069,4.802315114709434
2.8208333333333333,-8.224660330387756,12.767145904172903,4.7784246158562285
2.825,-8.107221451083468,12.64927774071907,4.752813352836502
2.8291666666666666,-7.995456638917972,12.538955818801574,4.726315356718165
2.833333333333333,-7.8902574882971726,12.43658712121224,4.69975669549863
2.8375,-7.7922442270683145,12.34254041932511,4.673943487090807
2.841666666666667,-7.701765349945883,12.257174103361887,4.649659009837108
2.845833333333333,-7.61891675796491,12.180846965820724,4.6276664949696515
2.85,-7.543576002485228,12.113909102043193,4.608712766753453
2.8541666666666665,-7.47544588711235,12.056671319592791,4.593527663579534
2.8583333333333334,-7.414100875487073,12.009352740791204,4.5828150855210845
2.8625,-7.359029396305332,11.972008762809457,4.577233459412608
2.8666666666666667,-7.309665788428787,11.944445553374692,4.577366054070481
2.870833333333333,-7.265407950363001,11.926131741223392,4.583684193558957
2.875,-7.225620553034996,11.916121117686053,4.596508188867745
2.879166666666667,-7.189627575611844,11.913000856155751,4.6159713261020965
2.8833333333333333,-7.1567003343093365,11.914877985634016,4.641991682486022
2.8875,-7.126047512200567,11.919413092456471,4.674255401501202
2.8916666666666666,-7.096812546572099,11.923904893796934,4.712213845683081
2.895833333333333,-7.068082012833492,11.925423034153992,4.7550960060002465
2.9,-7.038907072698858,11.920980279309473,4.801936602932272
2.904166666666667,-7.008338955497677,11.907730413747899,4.851619183991623
2.908333333333333,-6.975478426909116,11.883175044357843,4.902931980699939
2.9125,-6.9395374813342,11.845360972567077,4.9546324970988085
2.9166666666666665,-6.899908989958128,11.793049941940476,5.005515347924777
2.9208333333333334,-6.85623746655416,11.725844701991077,5.054477237894613
2.925,-6.808481978211489,11.644258982235307,5.1005731536867325
2.9291666666666667,-6.756960738102157,11.54972312878025,5.143058615932999
2.933333333333333,-6.702366793930433,11.44452127204131,5.181414229975702
2.9375,-6.645746414954316,11.331660258128336,5.215350837316279
2.941666666666667,-6.588436375309587,11.214675813575123,5.244796014683547
2.9458333333333333,-6.531962526781689,11.097387754615104,5.269864942483644
